meeting_type,reference,date,location,issue_number,issue_date,html_link,issue_type
INC,11,1995-02-06," New York, USA",1,1995-02-06,https://enb.iisd.org/vol12/1201000e.html,Issue
INC,11,1995-02-06," New York, USA",2,1995-02-07,https://enb.iisd.org/vol12/1202000e.html,Issue
INC,11,1995-02-06," New York, USA",3,1995-02-08,https://enb.iisd.org/vol12/1203000e.html,Issue
INC,11,1995-02-06," New York, USA",4,1995-02-09,https://enb.iisd.org/vol12/1204000e.html,Issue
INC,11,1995-02-06," New York, USA",5,1995-02-10,https://enb.iisd.org/vol12/1205000e.html,Issue
INC,11,1995-02-06," New York, USA",6,1995-02-13,https://enb.iisd.org/vol12/1206000e.html,Issue
INC,11,1995-02-06," New York, USA",7,1995-02-14,https://enb.iisd.org/vol12/1207000e.html,Issue
INC,11,1995-02-06," New York, USA",8,1995-02-15,https://enb.iisd.org/vol12/1208000e.html,Issue
INC,11,1995-02-06," New York, USA",9,1995-02-16,https://enb.iisd.org/vol12/1209000e.html,Issue
INC,11,1995-02-06," New York, USA",10,1995-02-17,https://enb.iisd.org/vol12/1210000e.html,Issue
INC,11,1995-02-06," New York, USA",11,Summary,https://enb.iisd.org/vol12/1211000e.html,Summary
COP,1,1995-03-28," Berlin, Germany",12,1995-03-28,https://enb.iisd.org/vol12/1212000e.html,First
COP,1,1995-03-28," Berlin, Germany",13,1995-03-29,https://enb.iisd.org/vol12/1213000e.html,Issue
COP,1,1995-03-28," Berlin, Germany",14,1995-03-30,https://enb.iisd.org/vol12/1214000e.html,Issue
COP,1,1995-03-28," Berlin, Germany",15,1995-03-31,https://enb.iisd.org/vol12/1215000e.html,Issue
COP,1,1995-03-28," Berlin, Germany",16,1995-04-03,https://enb.iisd.org/vol12/1216000e.html,Issue
COP,1,1995-03-28," Berlin, Germany",17,1995-04-04,https://enb.iisd.org/vol12/1217000e.html,Issue
COP,1,1995-03-28," Berlin, Germany",18,1995-04-05,https://enb.iisd.org/vol12/1218000e.html,Issue
COP,1,1995-03-28," Berlin, Germany",19,1995-04-06,https://enb.iisd.org/vol12/1219000e.html,Issue
COP,1,1995-03-28," Berlin, Germany",20,1995-04-07,https://enb.iisd.org/vol12/1220000e.html,Issue
COP,1,1995-03-28," Berlin, Germany",21,Summary,https://enb.iisd.org/vol12/1221000e.html,Summary
AGBM,1,1995-08-21," Geneva, Switzerland",22,Summary,https://enb.iisd.org/vol12/1222000e.html,Summary
SB,1,1995-08-28," Geneva, Switzerland",23,Summary,https://enb.iisd.org/vol12/1223000e.html,Summary
AGBM,2,1995-10-30," Geneva, Switzerland",24,Summary,https://enb.iisd.org/vol12/1224000e.html,Summary
SB,3,1996-02-27," Geneva, Switzerland",26,Summary,https://enb.iisd.org/vol12/1226000e.html,Summary
AGBM,3,1996-03-05," Geneva, Switzerland",27,Summary,https://enb.iisd.org/vol12/1227000e.html,Summary
COP,2,1996-07-08," Geneva, Switzerland",28,1996-07-08,https://enb.iisd.org/vol12/1228000e.html,First
COP,2,1996-07-08," Geneva, Switzerland",29,1996-07-09,https://enb.iisd.org/vol12/1229000e.html,Issue
COP,2,1996-07-08," Geneva, Switzerland",30,1996-07-10,https://enb.iisd.org/vol12/1230000e.html,Issue
COP,2,1996-07-08," Geneva, Switzerland",31,1996-07-11,https://enb.iisd.org/vol12/1231000e.html,Issue
COP,2,1996-07-08," Geneva, Switzerland",32,1996-07-12,https://enb.iisd.org/vol12/1232000e.html,Issue
COP,2,1996-07-08," Geneva, Switzerland",33,1996-07-15,https://enb.iisd.org/vol12/1233000e.html,Issue
COP,2,1996-07-08," Geneva, Switzerland",34,1996-07-16,https://enb.iisd.org/vol12/1234000e.html,Issue
COP,2,1996-07-08," Geneva, Switzerland",35,1996-07-17,https://enb.iisd.org/vol12/1235000e.html,Issue
COP,2,1996-07-08," Geneva, Switzerland",36,1996-07-18,https://enb.iisd.org/vol12/1236000e.html,Issue
COP,2,1996-07-08," Geneva, Switzerland",37,1996-07-19,https://enb.iisd.org/vol12/1237000e.html,Issue
COP,2,1996-07-08," Geneva, Switzerland",38,Summary,https://enb.iisd.org/vol12/1238000e.html,Summary
SB,4,1996-12-09," Geneva, Switzerland",39,Summary,https://enb.iisd.org/vol12/1239000e.html,Summary
SB,5,1997-02-25," Bonn, Germany",40,Summary,https://enb.iisd.org/vol12/1240000e.html,Summary
AGBM,6,1997-03-03," Bonn, Germany",41,1997-03-04,https://enb.iisd.org/vol12/1241000e.html,First
AGBM,6,1997-03-03," Bonn, Germany",42,1997-03-05,https://enb.iisd.org/vol12/1242000e.html,Issue
AGBM,6,1997-03-03," Bonn, Germany",43,1997-03-06,https://enb.iisd.org/vol12/1243000e.html,Issue
AGBM,6,1997-03-03," Bonn, Germany",44,1997-03-07,https://enb.iisd.org/vol12/1244000e.html,Issue
AGBM,6,1997-03-03," Bonn, Germany",45,Summary,https://enb.iisd.org/vol12/1245000e.html,Summary
SB,6,1997-07-28," Bonn, Germany",46,1997-07-28,https://enb.iisd.org/vol12/enb1246e.html,First
SB,6,1997-07-28," Bonn, Germany",47,1997-07-29,https://enb.iisd.org/vol12/enb1247e.html,Issue
SB,6,1997-07-28," Bonn, Germany",48,1997-07-30,https://enb.iisd.org/vol12/enb1248e.html,Issue
SB,6,1997-07-28," Bonn, Germany",49,1997-07-31,https://enb.iisd.org/vol12/enb1249e.html,Summary
AGBM,7,1997-07-28," Bonn, Germany",50,1997-08-01,https://enb.iisd.org/vol12/enb1250e.html,First
AGBM,7,1997-07-28," Bonn, Germany",51,1997-08-04,https://enb.iisd.org/vol12/enb1251e.html,Issue
AGBM,7,1997-07-28," Bonn, Germany",52,1997-08-05,https://enb.iisd.org/vol12/enb1252e.html,Issue
AGBM,7,1997-07-28," Bonn, Germany",53,1997-08-06,https://enb.iisd.org/vol12/enb1253e.html,Issue
AGBM,7,1997-07-28," Bonn, Germany",54,1997-08-07,https://enb.iisd.org/vol12/enb1254e.html,Issue
AGBM,7,1997-07-28," Bonn, Germany",55,Summary,https://enb.iisd.org/vol12/enb1255e.html,Summary
SB,7,1997-10-20," Bonn, Germany",56,1997-10-20,https://enb.iisd.org/vol12/enb1256e.html,First
SB,7,1997-10-20," Bonn, Germany",57,1997-10-21,https://enb.iisd.org/vol12/enb1257e.html,Issue
SB,7,1997-10-20," Bonn, Germany",58,1997-10-22,https://enb.iisd.org/vol12/enb1258e.html,Issue
SB,7,1997-10-20," Bonn, Germany",59,1997-10-23,https://enb.iisd.org/vol12/enb1259e.html,Issue
SB,7,1997-10-20," Bonn, Germany",60,1997-10-23,https://enb.iisd.org/vol12/enb1260e.html,Issue
SB,7,1997-10-20," Bonn, Germany",61,1997-10-27,https://enb.iisd.org/vol12/enb1261e.html,Issue
SB,7,1997-10-20," Bonn, Germany",62,1997-10-28,https://enb.iisd.org/vol12/enb1262e.html,Issue
SB,7,1997-10-20," Bonn, Germany",63,1997-10-29,https://enb.iisd.org/vol12/enb1263e.html,Issue
SB,7,1997-10-20," Bonn, Germany",64,1997-10-30,https://enb.iisd.org/vol12/enb1264e.html,Issue
SB,7,1997-10-20," Bonn, Germany",65,1997-10-31,https://enb.iisd.org/vol12/enb1265e.html,Issue
SB,7,1997-10-20," Bonn, Germany",66,Summary,https://enb.iisd.org/vol12/enb1266e.html,Summary
COP,3,1997-12-01," Kyoto, Japan",67,1997-12-01,https://enb.iisd.org/vol12/enb1267e.html,First
COP,3,1997-12-01," Kyoto, Japan",68,1997-12-02,https://enb.iisd.org/vol12/enb1268e.html,Issue
COP,3,1997-12-01," Kyoto, Japan",69,1997-12-03,https://enb.iisd.org/vol12/enb1269e.html,Issue
COP,3,1997-12-01," Kyoto, Japan",70,1997-12-04,https://enb.iisd.org/vol12/enb1270e.html,Issue
COP,3,1997-12-01," Kyoto, Japan",71,1997-12-05,https://enb.iisd.org/vol12/enb1271e.html,Issue
COP,3,1997-12-01," Kyoto, Japan",72,1997-12-06,https://enb.iisd.org/vol12/enb1272e.html,Issue
COP,3,1997-12-01," Kyoto, Japan",73,1997-12-08,https://enb.iisd.org/vol12/enb1273e.html,Issue
COP,3,1997-12-01," Kyoto, Japan",74,1997-12-09,https://enb.iisd.org/vol12/enb1274e.html,Issue
COP,3,1997-12-01," Kyoto, Japan",75,1997-12-10,https://enb.iisd.org/vol12/enb1275e.html,Issue
COP,3,1997-12-01," Kyoto, Japan",76,Summary,https://enb.iisd.org/vol12/enb1276e.html,Summary
SB,8,1998-06-02," Bonn, Germany",77,1998-06-02,https://enb.iisd.org/vol12/enb1277e.html,First
SB,8,1998-06-02," Bonn, Germany",78,1998-06-03,https://enb.iisd.org/vol12/enb1278e.html,Issue
SB,8,1998-06-02," Bonn, Germany",79,1998-06-04,https://enb.iisd.org/vol12/enb1279e.html,Issue
SB,8,1998-06-02," Bonn, Germany",80,1998-06-05,https://enb.iisd.org/vol12/enb1280e.html,Issue
SB,8,1998-06-02," Bonn, Germany",81,1998-06-08,https://enb.iisd.org/vol12/enb1281e.html,Issue
SB,8,1998-06-02," Bonn, Germany",82,1998-06-09,https://enb.iisd.org/vol12/enb1282e.html,Issue
SB,8,1998-06-02," Bonn, Germany",83,1998-06-10,https://enb.iisd.org/vol12/enb1283e.html,Issue
SB,8,1998-06-02," Bonn, Germany",84,1998-06-11,https://enb.iisd.org/vol12/enb1284e.html,Issue
SB,8,1998-06-02," Bonn, Germany",85,1998-06-12,https://enb.iisd.org/vol12/enb1285e.html,Issue
SB,8,1998-06-02," Bonn, Germany",86,Summary,https://enb.iisd.org/vol12/enb1286e.html,Summary
COP,4,1998-11-02," Buenos Aires, Argentina",87,1998-11-02,https://enb.iisd.org/vol12/enb1287e.html,First
COP,4,1998-11-02," Buenos Aires, Argentina",88,1998-11-03,https://enb.iisd.org/vol12/enb1288e.html,Issue
COP,4,1998-11-02," Buenos Aires, Argentina",89,1998-11-04,https://enb.iisd.org/vol12/enb1289e.html,Issue
COP,4,1998-11-02," Buenos Aires, Argentina",90,1998-11-05,https://enb.iisd.org/vol12/enb1290e.html,Issue
COP,4,1998-11-02," Buenos Aires, Argentina",91,1998-11-06,https://enb.iisd.org/vol12/enb1291e.html,Issue
COP,4,1998-11-02," Buenos Aires, Argentina",92,1998-11-09,https://enb.iisd.org/vol12/enb1292e.html,Issue
COP,4,1998-11-02," Buenos Aires, Argentina",93,1998-11-10,https://enb.iisd.org/vol12/enb1293e.html,Issue
COP,4,1998-11-02," Buenos Aires, Argentina",94,1998-11-11,https://enb.iisd.org/vol12/enb1294e.html,Issue
COP,4,1998-11-02," Buenos Aires, Argentina",95,1998-11-12,https://enb.iisd.org/vol12/enb1295e.html,Issue
COP,4,1998-11-02," Buenos Aires, Argentina",96,1998-11-13,https://enb.iisd.org/vol12/enb1296e.html,Issue
COP,4,1998-11-02," Buenos Aires, Argentina",97,Summary,https://enb.iisd.org/vol12/enb1297e.html,Summary
Tech-Work,1 ,1999-04-09," Bonn / Bad Godesberg, Germany",98,Summary,https://enb.iisd.org/vol12/enb1298e.html,Summary
SB,10,1999-05-31," Bonn, Germany",99,1999-05-31,https://enb.iisd.org/vol12/enb1299e.html,First
SB,10,1999-05-31," Bonn, Germany",100,1999-06-01,https://enb.iisd.org/vol12/enb12100e.html,Issue
SB,10,1999-05-31," Bonn, Germany",101,1999-06-02,https://enb.iisd.org/vol12/enb12101e.html,Issue
SB,10,1999-05-31," Bonn, Germany",102,1999-06-03,https://enb.iisd.org/vol12/enb12102e.html,Issue
SB,10,1999-05-31," Bonn, Germany",103,1999-06-04,https://enb.iisd.org/vol12/enb12103e.html,Issue
SB,10,1999-05-31," Bonn, Germany",104,1999-06-05,https://enb.iisd.org/vol12/enb12104e.html,Issue
SB,10,1999-05-31," Bonn, Germany",105,1999-06-07,https://enb.iisd.org/vol12/enb12105e.html,Issue
SB,10,1999-05-31," Bonn, Germany",106,1999-06-08,https://enb.iisd.org/vol12/enb12106e.html,Issue
SB,10,1999-05-31," Bonn, Germany",107,1999-06-09,https://enb.iisd.org/vol12/enb12107e.html,Issue
SB,10,1999-05-31," Bonn, Germany",108,1999-06-10,https://enb.iisd.org/vol12/enb12108e.html,Issue
SB,10,1999-05-31," Bonn, Germany",109,1999-06-11,https://enb.iisd.org/vol12/enb12109e.html,Issue
SB,10,1999-05-31," Bonn, Germany",110,Summary,https://enb.iisd.org/vol12/enb12110e.html,Summary
CCOM,11 ,1999-10-09," Vienna, Austria",111,Summary,https://enb.iisd.org/vol12/enb12111e.html,Summary
COP,5,1999-10-25," Bonn, Germany",112,1999-10-25,https://enb.iisd.org/vol12/enb12112e.html,First
COP,5,1999-10-25," Bonn, Germany",113,1999-10-26,https://enb.iisd.org/vol12/enb12113e.html,Issue
COP,5,1999-10-25," Bonn, Germany",114,1999-10-27,https://enb.iisd.org/vol12/enb12114e.html,Issue
COP,5,1999-10-25," Bonn, Germany",115,1999-10-28,https://enb.iisd.org/vol12/enb12115e.html,Issue
COP,5,1999-10-25," Bonn, Germany",116,1999-10-29,https://enb.iisd.org/vol12/enb12116e.html,Issue
COP,5,1999-10-25," Bonn, Germany",117,1999-10-30,https://enb.iisd.org/vol12/enb12117e.html,Issue
COP,5,1999-10-25," Bonn, Germany",118,1999-11-01,https://enb.iisd.org/vol12/enb12118e.html,Issue
COP,5,1999-10-25," Bonn, Germany",119,1999-11-02,https://enb.iisd.org/vol12/enb12119e.html,Issue
COP,5,1999-10-25," Bonn, Germany",120,1999-11-03,https://enb.iisd.org/vol12/enb12120e.html,Issue
COP,5,1999-10-25," Bonn, Germany",121,1999-11-04,https://enb.iisd.org/vol12/enb12121e.html,Issue
COP,5,1999-10-25," Bonn, Germany",122,1999-11-05,https://enb.iisd.org/vol12/enb12122e.html,Issue
COP,5,1999-10-25," Bonn, Germany",123,Summary,https://enb.iisd.org/vol12/enb12123e.html,Summary
UNFCCC WS,1,2000-03-06," Bonn, Germany",124,Summary,https://enb.iisd.org/vol12/enb12124e.html,Summary
UNFCCC WS,2,2004-05-03," Manila, the Philippines",125,Summary,https://enb.iisd.org/vol12/enb12125e.html,Summary
UNFCCC BPPM,1,2000-04-15," Copenhagen, Denmark",126,Summary,https://enb.iisd.org/vol12/enb12126e.html,Summary
SB,12,2000-06-05," Bonn, Germany",127,2000-06-05,https://enb.iisd.org/vol12/enb12127e.html,First
SB,12,2000-06-05," Bonn, Germany",128,2000-06-06,https://enb.iisd.org/vol12/enb12128e.html,Issue
SB,12,2000-06-05," Bonn, Germany",129,2000-06-07,https://enb.iisd.org/vol12/enb12129e.html,Issue
SB,12,2000-06-05," Bonn, Germany",130,2000-06-08,https://enb.iisd.org/vol12/enb12130e.html,Issue
SB,12,2000-06-05," Bonn, Germany",131,2000-06-09,https://enb.iisd.org/vol12/enb12131e.html,Issue
SB,12,2000-06-05," Bonn, Germany",132,2000-06-12,https://enb.iisd.org/vol12/enb12132e.html,Issue
SB,12,2000-06-05," Bonn, Germany",133,2000-06-13,https://enb.iisd.org/vol12/enb12133e.html,Issue
SB,12,2000-06-05," Bonn, Germany",134,2000-06-14,https://enb.iisd.org/vol12/enb12134e.html,Issue
SB,12,2000-06-05," Bonn, Germany",135,2000-06-15,https://enb.iisd.org/vol12/enb12135e.html,Issue
SB,12,2000-06-05," Bonn, Germany",136,2000-06-16,https://enb.iisd.org/vol12/enb12136e.html,Issue
SB,12,2000-06-05," Bonn, Germany",137,Summary,https://enb.iisd.org/vol12/enb12137e.html,Summary
LULUCF,1 ,2000-07-11," Poznañ, Poland",138,2000-07-11,https://enb.iisd.org/vol12/enb12138e.html,First
LULUCF,1 ,2000-07-11," Poznañ, Poland",139,2000-07-12,https://enb.iisd.org/vol12/enb12139e.html,Issue
LULUCF,1 ,2000-07-11," Poznañ, Poland",140,2000-07-13,https://enb.iisd.org/vol12/enb12140e.html,Issue
LULUCF,1 ,2000-07-11," Poznañ, Poland",141,Summary,https://enb.iisd.org/vol12/enb12141e.html,Summary
SB,13,2000-09-05," Lyon, France",142,2000-09-05,https://enb.iisd.org/vol12/enb12142e.html,First
SB,13,2000-09-05," Lyon, France",143,2000-09-06,https://enb.iisd.org/vol12/enb12143e.html,Issue
SB,13,2000-09-05," Lyon, France",144,2000-09-07,https://enb.iisd.org/vol12/enb12144e.html,Issue
SB,13,2000-09-05," Lyon, France",145,2000-09-08,https://enb.iisd.org/vol12/enb12145e.html,Issue
SB,13,2000-09-05," Lyon, France",146,2000-09-11,https://enb.iisd.org/vol12/enb12146e.html,Issue
SB,13,2000-09-05," Lyon, France",147,2000-09-12,https://enb.iisd.org/vol12/enb12147e.html,Issue
SB,13,2000-09-05," Lyon, France",148,2000-09-13,https://enb.iisd.org/vol12/enb12148e.html,Issue
SB,13,2000-09-05," Lyon, France",149,2000-09-14,https://enb.iisd.org/vol12/enb12149e.html,Issue
SB,13,2000-09-05," Lyon, France",150,2000-09-15,https://enb.iisd.org/vol12/enb12150e.html,Issue
SB,13,2000-09-05," Lyon, France",151,Summary,https://enb.iisd.org/vol12/enb12151e.html,Summary
COP,6,2000-11-13," The Hague, The Netherlands",152,2000-11-13,https://enb.iisd.org/vol12/enb12152e.html,First
COP,6,2000-11-13," The Hague, The Netherlands",153,2000-11-14,https://enb.iisd.org/vol12/enb12153e.html,Issue
COP,6,2000-11-13," The Hague, The Netherlands",154,2000-11-15,https://enb.iisd.org/vol12/enb12154e.html,Issue
COP,6,2000-11-13," The Hague, The Netherlands",155,2000-11-16,https://enb.iisd.org/vol12/enb12155e.html,Issue
COP,6,2000-11-13," The Hague, The Netherlands",156,2000-11-17,https://enb.iisd.org/vol12/enb12156e.html,Issue
COP,6,2000-11-13," The Hague, The Netherlands",157,2000-11-18,https://enb.iisd.org/vol12/enb12157e.html,Issue
COP,6,2000-11-13," The Hague, The Netherlands",158,2000-11-20,https://enb.iisd.org/vol12/enb12158e.html,Issue
COP,6,2000-11-13," The Hague, The Netherlands",159,2000-11-21,https://enb.iisd.org/vol12/enb12159e.html,Issue
COP,6,2000-11-13," The Hague, The Netherlands",160,2000-11-22,https://enb.iisd.org/vol12/enb12160e.html,Issue
COP,6,2000-11-13," The Hague, The Netherlands",161,2000-11-23,https://enb.iisd.org/vol12/enb12161e.html,Issue
COP,6,2000-11-13," The Hague, The Netherlands",162,2000-11-24,https://enb.iisd.org/vol12/enb12162e.html,Issue
COP,6,2000-11-13," The Hague, The Netherlands",163,Summary,https://enb.iisd.org/vol12/enb12163e.html,Summary
INTER-REGIONAL WS,1 ,2001-03-26," Panama City, Panama",164,Summary,https://enb.iisd.org/vol12/enb12164e.html,Summary
IPCC,1,2007-01-29," UNESCO HQ, Paris, France",165,Summary,https://enb.iisd.org/vol12/enb12165e.html,Summary
COP,6,2001-07-16," Bonn, Germany",166,2001-07-16,https://enb.iisd.org/vol12/enb12166e.html,First
COP,6,2001-07-16," Bonn, Germany",167,2001-07-17,https://enb.iisd.org/vol12/enb12167e.html,Issue
COP,6,2001-07-16," Bonn, Germany",168,2001-07-18,https://enb.iisd.org/vol12/enb12168e.html,Issue
COP,6,2001-07-16," Bonn, Germany",169,2001-07-19,https://enb.iisd.org/vol12/enb12169e.html,Issue
COP,6,2001-07-16," Bonn, Germany",170,2001-07-20,https://enb.iisd.org/vol12/enb12170e.html,Issue
COP,6,2001-07-16," Bonn, Germany",171,2001-07-21,https://enb.iisd.org/vol12/enb12171e.html,Issue
COP,6,2001-07-16," Bonn, Germany",172,2001-07-24,https://enb.iisd.org/vol12/enb12172e.html,Issue
COP,6,2001-07-16," Bonn, Germany",173,2001-07-25,https://enb.iisd.org/vol12/enb12173e.html,Issue
COP,6,2001-07-16," Bonn, Germany",174,2001-07-26,https://enb.iisd.org/vol12/enb12174e.html,Issue
COP,6,2001-07-16," Bonn, Germany",175,2001-07-27,https://enb.iisd.org/vol12/enb12175e.html,Issue
COP,6,2001-07-16," Bonn, Germany",176,Summary,https://enb.iisd.org/vol12/enb12176e.html,Summary
IPCC,2,2007-04-02," Brussels, Belgium",177,Summary,https://enb.iisd.org/vol12/enb12177e.html,Summary
COP,7,2001-10-29," Marrakech, Morocco",178,2001-10-29,https://enb.iisd.org/vol12/enb12178e.html,First
COP,7,2001-10-29," Marrakech, Morocco",179,2001-10-30,https://enb.iisd.org/vol12/enb12179e.html,Issue
COP,7,2001-10-29," Marrakech, Morocco",180,2001-10-31,https://enb.iisd.org/vol12/enb12180e.html,Issue
COP,7,2001-10-29," Marrakech, Morocco",181,2001-11-01,https://enb.iisd.org/vol12/enb12181e.html,Issue
COP,7,2001-10-29," Marrakech, Morocco",182,2001-11-02,https://enb.iisd.org/vol12/enb12182e.html,Issue
COP,7,2001-10-29," Marrakech, Morocco",183,2001-11-03,https://enb.iisd.org/vol12/enb12183e.html,Issue
COP,7,2001-10-29," Marrakech, Morocco",184,2001-11-05,https://enb.iisd.org/vol12/enb12184e.html,Issue
COP,7,2001-10-29," Marrakech, Morocco",185,2001-11-06,https://enb.iisd.org/vol12/enb12185e.html,Issue
COP,7,2001-10-29," Marrakech, Morocco",186,2001-11-07,https://enb.iisd.org/vol12/enb12186e.html,Issue
COP,7,2001-10-29," Marrakech, Morocco",187,2001-11-08,https://enb.iisd.org/vol12/enb12187e.html,Issue
COP,7,2001-10-29," Marrakech, Morocco",188,2001-11-09,https://enb.iisd.org/vol12/enb12188e.html,Issue
COP,7,2001-10-29," Marrakech, Morocco",189,Summary,https://enb.iisd.org/vol12/enb12189e.html,Summary
CGE WS,1 ,2002-04-15," Bonn, Germany",190,Summary,https://enb.iisd.org/vol12/enb12190e.html,Summary
TECH WS,1 ,2002-04-26," Seoul, Republic of Korea",191,Summary,https://enb.iisd.org/vol12/enb12191e.html,Summary
SB,16,2002-06-05," Bonn, Germany",192,2002-06-05,https://enb.iisd.org/vol12/enb12192e.html,First
SB,16,2002-06-05," Bonn, Germany",193,2002-06-06,https://enb.iisd.org/vol12/enb12193e.html,Issue
SB,16,2002-06-05," Bonn, Germany",194,2002-06-07,https://enb.iisd.org/vol12/enb12194e.html,Issue
SB,16,2002-06-05," Bonn, Germany",195,2002-06-10,https://enb.iisd.org/vol12/enb12195e.html,Issue
SB,16,2002-06-05," Bonn, Germany",196,2002-06-11,https://enb.iisd.org/vol12/enb12196e.html,Issue
SB,16,2002-06-05," Bonn, Germany",197,2002-06-12,https://enb.iisd.org/vol12/enb12197e.html,Issue
SB,16,2002-06-05," Bonn, Germany",198,2002-06-13,https://enb.iisd.org/vol12/enb12198e.html,Issue
SB,16,2002-06-05," Bonn, Germany",199,2002-06-14,https://enb.iisd.org/vol12/enb12199e.html,Issue
SB,16,2002-06-05," Bonn, Germany",200,Summary,https://enb.iisd.org/vol12/enb12200e.html,Summary
COP,8,2002-10-23," New Delhi, India",201,2002-10-23,https://enb.iisd.org/vol12/enb12201e.html,First
COP,8,2002-10-23," New Delhi, India",202,2002-10-24,https://enb.iisd.org/vol12/enb12202e.html,Issue
COP,8,2002-10-23," New Delhi, India",203,2002-10-25,https://enb.iisd.org/vol12/enb12203e.html,Issue
COP,8,2002-10-23," New Delhi, India",204,2002-10-26,https://enb.iisd.org/vol12/enb12204e.html,Issue
COP,8,2002-10-23," New Delhi, India",205,2002-10-29,https://enb.iisd.org/vol12/enb12205e.html,Issue
COP,8,2002-10-23," New Delhi, India",206,2002-10-30,https://enb.iisd.org/vol12/enb12206e.html,Issue
COP,8,2002-10-23," New Delhi, India",207,2002-10-31,https://enb.iisd.org/vol12/enb12207e.html,Issue
COP,8,2002-10-23," New Delhi, India",208,2002-11-01,https://enb.iisd.org/vol12/enb12208e.html,Issue
COP,8,2002-10-23," New Delhi, India",209,Summary,https://enb.iisd.org/vol12/enb12209e.html,Summary
UNFCCC TT,1,2003-04-11," Ghent, Belgium",210,Summary,https://enb.iisd.org/vol12/enb12210e.html,Summary
SB,18,2003-06-04," Bonn, Germany",211,2003-06-04,https://enb.iisd.org/vol12/enb12211e.html,First
SB,18,2003-06-04," Bonn, Germany",212,2003-06-05,https://enb.iisd.org/vol12/enb12212e.html,Issue
SB,18,2003-06-04," Bonn, Germany",213,2003-06-06,https://enb.iisd.org/vol12/enb12213e.html,Issue
SB,18,2003-06-04," Bonn, Germany",214,2003-06-07,https://enb.iisd.org/vol12/enb12214e.html,Issue
SB,18,2003-06-04," Bonn, Germany",215,2003-06-10,https://enb.iisd.org/vol12/enb12215e.html,Issue
SB,18,2003-06-04," Bonn, Germany",216,2003-06-11,https://enb.iisd.org/vol12/enb12216e.html,Issue
SB,18,2003-06-04," Bonn, Germany",217,2003-06-12,https://enb.iisd.org/vol12/enb12217e.html,Issue
SB,18,2003-06-04," Bonn, Germany",218,2003-06-13,https://enb.iisd.org/vol12/enb12218e.html,Issue
SB,18,2003-06-04," Bonn, Germany",219,Summary,https://enb.iisd.org/vol12/enb12219e.html,Summary
UNFCCC SYN-COOP,1,2003-07-02," Espoo, Finland",220,Summary,https://enb.iisd.org/vol12/enb12220e.html,Summary
COP,9,2003-12-01," Milan, Italy",221,2003-12-01,https://enb.iisd.org/vol12/enb12221e.html,First
COP,9,2003-12-01," Milan, Italy",222,2003-12-02,https://enb.iisd.org/vol12/enb12222e.html,Issue
COP,9,2003-12-01," Milan, Italy",223,2003-12-03,https://enb.iisd.org/vol12/enb12223e.html,Issue
COP,9,2003-12-01," Milan, Italy",224,2003-12-04,https://enb.iisd.org/vol12/enb12224e.html,Issue
COP,9,2003-12-01," Milan, Italy",225,2003-12-05,https://enb.iisd.org/vol12/enb12225e.html,Issue
COP,9,2003-12-01," Milan, Italy",226,2003-12-06,https://enb.iisd.org/vol12/enb12226e.html,Issue
COP,9,2003-12-01," Milan, Italy",227,2003-12-07,https://enb.iisd.org/vol12/enb12227e.html,Issue
COP,9,2003-12-01," Milan, Italy",228,2003-12-10,https://enb.iisd.org/vol12/enb12228e.html,Issue
COP,9,2003-12-01," Milan, Italy",229,2003-12-11,https://enb.iisd.org/vol12/enb12229e.html,Issue
COP,9,2003-12-01," Milan, Italy",230,2003-12-12,https://enb.iisd.org/vol12/enb12230e.html,Issue
COP,9,2003-12-01," Milan, Italy",231,Summary,https://enb.iisd.org/vol12/enb12231e.html,Summary
UNFCCC WS,3,2004-09-10," Bonn, Germany",232,Summary,https://enb.iisd.org/vol12/enb12232e.html,Summary
SB,20,2004-06-16," Bonn, Germany",233,2004-06-16,https://enb.iisd.org/vol12/enb12233e.html,First
SB,20,2004-06-16," Bonn, Germany",234,2004-06-17,https://enb.iisd.org/vol12/enb12234e.html,Issue
SB,20,2004-06-16," Bonn, Germany",235,2004-06-18,https://enb.iisd.org/vol12/enb12235e.html,Issue
SB,20,2004-06-16," Bonn, Germany",236,2004-06-19,https://enb.iisd.org/vol12/enb12236e.html,Issue
SB,20,2004-06-16," Bonn, Germany",237,2004-06-21,https://enb.iisd.org/vol12/enb12237e.html,Issue
SB,20,2004-06-16," Bonn, Germany",238,2004-06-22,https://enb.iisd.org/vol12/enb12238e.html,Issue
SB,20,2004-06-16," Bonn, Germany",239,2004-06-23,https://enb.iisd.org/vol12/enb12239e.html,Issue
SB,20,2004-06-16," Bonn, Germany",240,2004-06-24,https://enb.iisd.org/vol12/enb12240e.html,Issue
SB,20,2004-06-16," Bonn, Germany",241,2004-06-25,https://enb.iisd.org/vol12/enb12241e.html,Issue
SB,20,2004-06-16," Bonn, Germany",242,Summary,https://enb.iisd.org/vol12/enb12242e.html,Summary
UNFCCC WS,4,2005-06-14," Tobago, Trinidad and Tobago",243,Summary,https://enb.iisd.org/vol12/enb12243e.html,Summary
UNFCCC WS,5,2009-03-10," Havana, Cuba",244,Summary,https://enb.iisd.org/vol12/enb12244e.html,Summary
IPCC,3,2007-04-30," Bangkok, Thailand",245,2004-11-09,https://enb.iisd.org/vol12/enb12245e.html,First
IPCC,3,2007-04-30," Bangkok, Thailand",246,2004-11-10,https://enb.iisd.org/vol12/enb12246e.html,Issue
IPCC,3,2007-04-30," Bangkok, Thailand",247,2004-11-11,https://enb.iisd.org/vol12/enb12247e.html,Issue
IPCC,3,2007-04-30," Bangkok, Thailand",248,Summary,https://enb.iisd.org/vol12/enb12248e.html,Summary
COP,10,2004-12-06," Buenos Aires, Argentina",249,2004-12-06,https://enb.iisd.org/vol12/enb12249e.html,First
COP,10,2004-12-06," Buenos Aires, Argentina",250,2004-12-07,https://enb.iisd.org/vol12/enb12250e.html,Issue
COP,10,2004-12-06," Buenos Aires, Argentina",251,2004-12-08,https://enb.iisd.org/vol12/enb12251e.html,Issue
COP,10,2004-12-06," Buenos Aires, Argentina",252,2004-12-09,https://enb.iisd.org/vol12/enb12252e.html,Issue
COP,10,2004-12-06," Buenos Aires, Argentina",253,2004-12-10,https://enb.iisd.org/vol12/enb12253e.html,Issue
COP,10,2004-12-06," Buenos Aires, Argentina",254,2004-12-11,https://enb.iisd.org/vol12/enb12254e.html,Issue
COP,10,2004-12-06," Buenos Aires, Argentina",255,2004-12-13,https://enb.iisd.org/vol12/enb12255e.html,Issue
COP,10,2004-12-06," Buenos Aires, Argentina",256,2004-12-14,https://enb.iisd.org/vol12/enb12256e.html,Issue
COP,10,2004-12-06," Buenos Aires, Argentina",257,2004-12-15,https://enb.iisd.org/vol12/enb12257e.html,Issue
COP,10,2004-12-06," Buenos Aires, Argentina",258,2004-12-16,https://enb.iisd.org/vol12/enb12258e.html,Issue
COP,10,2004-12-06," Buenos Aires, Argentina",259,2004-12-17,https://enb.iisd.org/vol12/enb12259e.html,Issue
COP,10,2004-12-06," Buenos Aires, Argentina",260,Summary,https://enb.iisd.org/vol12/enb12260e.html,Summary
SOGE,1 ,2005-05-19," Bonn, Germany",261,Summary,https://enb.iisd.org/vol12/enb12261e.html,Summary
SB,22,2005-05-19," Bonn, Germany",262,2005-05-19,https://enb.iisd.org/vol12/enb12262e.html,First
SB,22,2005-05-19," Bonn, Germany",263,2005-05-20,https://enb.iisd.org/vol12/enb12263e.html,Issue
SB,22,2005-05-19," Bonn, Germany",264,2005-05-21,https://enb.iisd.org/vol12/enb12264e.html,Issue
SB,22,2005-05-19," Bonn, Germany",265,2005-05-23,https://enb.iisd.org/vol12/enb12265e.html,Issue
SB,22,2005-05-19," Bonn, Germany",266,2005-05-24,https://enb.iisd.org/vol12/enb12266e.html,Issue
SB,22,2005-05-19," Bonn, Germany",267,2005-05-25,https://enb.iisd.org/vol12/enb12267e.html,Issue
SB,22,2005-05-19," Bonn, Germany",268,2005-05-26,https://enb.iisd.org/vol12/enb12268e.html,Issue
SB,22,2005-05-19," Bonn, Germany",269,2005-05-27,https://enb.iisd.org/vol12/enb12269e.html,Issue
SB,22,2005-05-19," Bonn, Germany",270,Summary,https://enb.iisd.org/vol12/enb12270e.html,Summary
UNFCCC WS,6,2009-04-28," Cairo, Egypt",271,Summary,https://enb.iisd.org/vol12/enb12271e.html,Summary
IPCC,17,2001-04-09," Nairobi, Kenya",272,2005-09-22,https://enb.iisd.org/vol12/enb12272e.html,First
IPCC,17,2001-04-09," Nairobi, Kenya",273,2005-09-23,https://enb.iisd.org/vol12/enb12273e.html,Issue
IPCC,17,2001-04-09," Nairobi, Kenya",274,2005-09-24,https://enb.iisd.org/vol12/enb12274e.html,Issue
IPCC,17,2001-04-09," Nairobi, Kenya",275,2005-09-26,https://enb.iisd.org/vol12/enb12275e.html,Issue
IPCC,17,2001-04-09," Nairobi, Kenya",276,2005-09-27,https://enb.iisd.org/vol12/enb12276e.html,Issue
IPCC,17,2001-04-09," Nairobi, Kenya",277,2005-09-28,https://enb.iisd.org/vol12/enb12277e.html,Issue
IPCC,17,2001-04-09," Nairobi, Kenya",278,Summary,https://enb.iisd.org/vol12/enb12278e.html,Summary
UNFCCC WS,7,2009-10-12," UNCC, Bangkok, Thailand",279,Summary,https://enb.iisd.org/vol12/enb12279e.html,Summary
COP,11,2005-11-28," Montréal, Canada",280,2005-11-28,https://enb.iisd.org/vol12/enb12280e.html,First
COP,11,2005-11-28," Montréal, Canada",281,2005-11-29,https://enb.iisd.org/vol12/enb12281e.html,Issue
COP,11,2005-11-28," Montréal, Canada",282,2005-11-30,https://enb.iisd.org/vol12/enb12282e.html,Issue
COP,11,2005-11-28," Montréal, Canada",283,2005-12-01,https://enb.iisd.org/vol12/enb12283e.html,Issue
COP,11,2005-11-28," Montréal, Canada",284,2005-12-02,https://enb.iisd.org/vol12/enb12284e.html,Issue
COP,11,2005-11-28," Montréal, Canada",285,2005-12-03,https://enb.iisd.org/vol12/enb12285e.html,Issue
COP,11,2005-11-28," Montréal, Canada",286,2005-12-05,https://enb.iisd.org/vol12/enb12286e.html,Issue
COP,11,2005-11-28," Montréal, Canada",287,2005-12-06,https://enb.iisd.org/vol12/enb12287e.html,Issue
COP,11,2005-11-28," Montréal, Canada",288,2005-12-07,https://enb.iisd.org/vol12/enb12288e.html,Issue
COP,11,2005-11-28," Montréal, Canada",289,2005-12-08,https://enb.iisd.org/vol12/enb12289e.html,Issue
COP,11,2005-11-28," Montréal, Canada",290,2005-12-09,https://enb.iisd.org/vol12/enb12290e.html,Issue
COP,11,2005-11-28," Montréal, Canada",291,Summary,https://enb.iisd.org/vol12/enb12291e.html,Summary
IPCC,18,2001-10-02," London, UK",292,2006-04-26,https://enb.iisd.org/vol12/enb12292e.html,First
IPCC,18,2001-10-02," London, UK",293,2006-04-27,https://enb.iisd.org/vol12/enb12293e.html,Issue
IPCC,18,2001-10-02," London, UK",294,2006-04-28,https://enb.iisd.org/vol12/enb12294e.html,Issue
IPCC,18,2001-10-02," London, UK",295,Summary,https://enb.iisd.org/vol12/enb12295e.html,Summary
SB,24,2006-05-15," Bonn, Germany",296,2006-05-15,https://enb.iisd.org/vol12/enb12296e.html,First
SB,24,2006-05-15," Bonn, Germany",297,2006-05-17,https://enb.iisd.org/vol12/enb12297e.html,Issue
SB,24,2006-05-15," Bonn, Germany",298,2006-05-18,https://enb.iisd.org/vol12/enb12298e.html,Issue
SB,24,2006-05-15," Bonn, Germany",299,2006-05-19,https://enb.iisd.org/vol12/enb12299e.html,Issue
SB,24,2006-05-15," Bonn, Germany",300,2006-05-20,https://enb.iisd.org/vol12/enb12300.html,Issue
SB,24,2006-05-15," Bonn, Germany",301,2006-05-22,https://enb.iisd.org/vol12/enb12301e.html,Issue
SB,24,2006-05-15," Bonn, Germany",302,2006-05-23,https://enb.iisd.org/vol12/enb12302e.html,Issue
SB,24,2006-05-15," Bonn, Germany",303,2006-05-24,https://enb.iisd.org/vol12/enb12303e.html,Issue
SB,24,2006-05-15," Bonn, Germany",304,2006-05-25,https://enb.iisd.org/vol12/enb12304e.html,Issue
SB,24,2006-05-15," Bonn, Germany",305,2006-05-26,https://enb.iisd.org/vol12/enb12305e.html,Issue
SB,24,2006-05-15," Bonn, Germany",306,Summary,https://enb.iisd.org/vol12/enb12306e.html,Summary
COP,12,2006-11-06," Nairobi, Kenya",307,2006-11-06,https://enb.iisd.org/vol12/enb12307e.html,First
COP,12,2006-11-06," Nairobi, Kenya",308,2006-11-07,https://enb.iisd.org/vol12/enb12308e.html,Issue
COP,12,2006-11-06," Nairobi, Kenya",309,2006-11-08,https://enb.iisd.org/vol12/enb12309e.html,Issue
COP,12,2006-11-06," Nairobi, Kenya",310,2006-11-09,https://enb.iisd.org/vol12/enb12310e.html,Issue
COP,12,2006-11-06," Nairobi, Kenya",311,2006-11-10,https://enb.iisd.org/vol12/enb12311e.html,Issue
COP,12,2006-11-06," Nairobi, Kenya",312,2006-11-11,https://enb.iisd.org/vol12/enb12312e.html,Issue
COP,12,2006-11-06," Nairobi, Kenya",313,2006-11-13,https://enb.iisd.org/vol12/enb12313e.html,Issue
COP,12,2006-11-06," Nairobi, Kenya",314,2006-11-14,https://enb.iisd.org/vol12/enb12314e.html,Issue
COP,12,2006-11-06," Nairobi, Kenya",315,2006-11-15,https://enb.iisd.org/vol12/enb12315e.html,Issue
COP,12,2006-11-06," Nairobi, Kenya",316,2006-11-16,https://enb.iisd.org/vol12/enb12316e.html,Issue
COP,12,2006-11-06," Nairobi, Kenya",317,2006-11-17,https://enb.iisd.org/vol12/enb12317e.html,Issue
COP,12,2006-11-06," Nairobi, Kenya",318,Summary,https://enb.iisd.org/vol12/enb12318e.html,Summary
IPCC,22,2004-11-09," New Delhi, India",319,Summary,https://enb.iisd.org/vol12/enb12319e.html,Summary
IPCC,24,2005-09-22," Montreal, Canada",320,Summary,https://enb.iisd.org/vol12/enb12320e.html,Summary
IPCC,25,2006-04-26," Port Louis, Mauritius",321,Summary,https://enb.iisd.org/vol12/enb12321e.html,Summary
SB,26,2007-05-07," Bonn, Germany",322,2007-05-07,https://enb.iisd.org/vol12/enb12322e.html,First
SB,26,2007-05-07," Bonn, Germany",323,2007-05-08,https://enb.iisd.org/vol12/enb12323e.html,Issue
SB,26,2007-05-07," Bonn, Germany",324,2007-05-09,https://enb.iisd.org/vol12/enb12324e.html,Issue
SB,26,2007-05-07," Bonn, Germany",325,2007-05-10,https://enb.iisd.org/vol12/enb12325e.html,Issue
SB,26,2007-05-07," Bonn, Germany",326,2007-05-11,https://enb.iisd.org/vol12/enb12326e.html,Issue
SB,26,2007-05-07," Bonn, Germany",327,2007-05-12,https://enb.iisd.org/vol12/enb12327e.html,Issue
SB,26,2007-05-07," Bonn, Germany",328,2007-05-14,https://enb.iisd.org/vol12/enb12328e.html,Issue
SB,26,2007-05-07," Bonn, Germany",329,2007-05-15,https://enb.iisd.org/vol12/enb12329e.html,Issue
SB,26,2007-05-07," Bonn, Germany",330,2007-05-16,https://enb.iisd.org/vol12/enb12330e.html,Issue
SB,26,2007-05-07," Bonn, Germany",331,2007-05-17,https://enb.iisd.org/vol12/enb12331e.html,Issue
SB,26,2007-05-07," Bonn, Germany",332,2007-05-18,https://enb.iisd.org/vol12/enb12332e.html,Issue
SB,26,2007-05-07," Bonn, Germany",333,Summary,https://enb.iisd.org/vol12/enb12333e.html,Summary
AWG,4 ,2007-08-27," Vienna, Austria",334,2007-08-27,https://enb.iisd.org/vol12/enb12334e.html,First
AWG,4 ,2007-08-27," Vienna, Austria",335,2007-08-28,https://enb.iisd.org/vol12/enb12335e.html,Issue
AWG,4 ,2007-08-27," Vienna, Austria",336,2007-08-29,https://enb.iisd.org/vol12/enb12336e.html,Issue
AWG,4 ,2007-08-27," Vienna, Austria",337,2007-08-30,https://enb.iisd.org/vol12/enb12337e.html,Issue
AWG,4 ,2007-08-27," Vienna, Austria",338,2007-08-31,https://enb.iisd.org/vol12/enb12338e.html,Issue
AWG,4 ,2007-08-27," Vienna, Austria",339,Summary,https://enb.iisd.org/vol12/enb12339e.html,Summary
UNFCCC WS,8,2011-06-01," Bonn, Germany",340,Summary,https://enb.iisd.org/vol12/enb12340e.html,Summary
IPCC,27,2007-11-12," Valencia, Spain",341,2007-11-12,https://enb.iisd.org/vol12/enb12341e.html,First
IPCC,27,2007-11-12," Valencia, Spain",342,Summary,https://enb.iisd.org/vol12/enb12342e.html,Summary
COP,13,2007-12-03," Bali, Indonesia",343,2007-12-03,https://enb.iisd.org/vol12/enb12343e.html,First
COP,13,2007-12-03," Bali, Indonesia",344,2007-12-04,https://enb.iisd.org/vol12/enb12344e.html,Issue
COP,13,2007-12-03," Bali, Indonesia",345,2007-12-05,https://enb.iisd.org/vol12/enb12345e.html,Issue
COP,13,2007-12-03," Bali, Indonesia",346,2007-12-06,https://enb.iisd.org/vol12/enb12346e.html,Issue
COP,13,2007-12-03," Bali, Indonesia",347,2007-12-07,https://enb.iisd.org/vol12/enb12347e.html,Issue
COP,13,2007-12-03," Bali, Indonesia",348,2007-12-08,https://enb.iisd.org/vol12/enb12348e.html,Issue
COP,13,2007-12-03," Bali, Indonesia",349,2007-12-10,https://enb.iisd.org/vol12/enb12349e.html,Issue
COP,13,2007-12-03," Bali, Indonesia",350,2007-12-11,https://enb.iisd.org/vol12/enb12350e.html,Issue
COP,13,2007-12-03," Bali, Indonesia",351,2007-12-12,https://enb.iisd.org/vol12/enb12351e.html,Issue
COP,13,2007-12-03," Bali, Indonesia",352,2007-12-13,https://enb.iisd.org/vol12/enb12352e.html,Issue
COP,13,2007-12-03," Bali, Indonesia",353,2007-12-14,https://enb.iisd.org/vol12/enb12353e.html,Issue
COP,13,2007-12-03," Bali, Indonesia",354,Summary,https://enb.iisd.org/vol12/enb12354e.html,Summary
UNFCCC WS,9,2004-09-27," Montreal, Canada",355,Summary,https://enb.iisd.org/vol12/enb12355e.html,Summary
UNFCCC WS,10,2008-03-04," Mexico City, Mexico",356,Summary,https://enb.iisd.org/vol12/enb12356e.html,Summary
AWGLCA, 1 ,2008-03-31," Bangkok, Thailand",357,2008-03-31,https://enb.iisd.org/vol12/enb12357e.html,First
AWGLCA, 1 ,2008-03-31," Bangkok, Thailand",358,2008-04-01,https://enb.iisd.org/vol12/enb12358e.html,Issue
AWGLCA, 1 ,2008-03-31," Bangkok, Thailand",359,2008-04-02,https://enb.iisd.org/vol12/enb12359e.html,Issue
AWGLCA, 1 ,2008-03-31," Bangkok, Thailand",360,2008-04-03,https://enb.iisd.org/vol12/enb12360e.html,Issue
AWGLCA, 1 ,2008-03-31," Bangkok, Thailand",361,2008-04-04,https://enb.iisd.org/vol12/enb12361e.html,Issue
AWGLCA, 1 ,2008-03-31," Bangkok, Thailand",362,Summary,https://enb.iisd.org/vol12/enb12362e.html,Summary
IPCC,28,2008-04-09," Budapest, Hungary",363,Summary,https://enb.iisd.org/vol12/enb12363e.html,Summary
SB,28,2008-06-02," Bonn, Germany",364,2008-06-02,https://enb.iisd.org/vol12/enb12364e.html,First
SB,28,2008-06-02," Bonn, Germany",365,2008-06-03,https://enb.iisd.org/vol12/enb12365e.html,Issue
SB,28,2008-06-02," Bonn, Germany",366,2008-06-04,https://enb.iisd.org/vol12/enb12366e.html,Issue
SB,28,2008-06-02," Bonn, Germany",367,2008-06-05,https://enb.iisd.org/vol12/enb12367e.html,Issue
SB,28,2008-06-02," Bonn, Germany",368,2008-06-06,https://enb.iisd.org/vol12/enb12368e.html,Issue
SB,28,2008-06-02," Bonn, Germany",369,2008-06-07,https://enb.iisd.org/vol12/enb12369e.html,Issue
SB,28,2008-06-02," Bonn, Germany",370,2008-06-09,https://enb.iisd.org/vol12/enb12370e.html,Issue
SB,28,2008-06-02," Bonn, Germany",371,2008-06-10,https://enb.iisd.org/vol12/enb12371e.html,Issue
SB,28,2008-06-02," Bonn, Germany",372,2008-06-11,https://enb.iisd.org/vol12/enb12372e.html,Issue
SB,28,2008-06-02," Bonn, Germany",373,2008-06-12,https://enb.iisd.org/vol12/enb12373e.html,Issue
SB,28,2008-06-02," Bonn, Germany",374,2008-06-13,https://enb.iisd.org/vol12/enb12374e.html,Issue
SB,28,2008-06-02," Bonn, Germany",375,Summary,https://enb.iisd.org/vol12/enb12375e.html,Summary
UNFCCC WS,11,2008-03-10," Port of Spain, Trinidad and Tobago",376,Summary,https://enb.iisd.org/vol12/enb12376e.html,Summary
AWGLCA, 2 ,2008-08-21," Accra, Ghana",377,2008-08-21,https://enb.iisd.org/vol12/enb12377e.html,First
AWGLCA, 2 ,2008-08-21," Accra, Ghana",378,2008-08-21,https://enb.iisd.org/vol12/enb12378e.html,Issue
AWGLCA, 2 ,2008-08-21," Accra, Ghana",379,2008-08-21,https://enb.iisd.org/vol12/enb12379e.html,Issue
AWGLCA, 2 ,2008-08-21," Accra, Ghana",380,2008-08-21,https://enb.iisd.org/vol12/enb12380e.html,Issue
AWGLCA, 2 ,2008-08-21," Accra, Ghana",381,2008-08-21,https://enb.iisd.org/vol12/enb12381e.html,Issue
AWGLCA, 2 ,2008-08-21," Accra, Ghana",382,2008-08-21,https://enb.iisd.org/vol12/enb12382e.html,Issue
AWGLCA, 2 ,2008-08-21," Accra, Ghana",383,Summary,https://enb.iisd.org/vol12/enb12383e.html,Summary
IPCC,29,2008-08-31," Geneva, Switzerland",384,Summary,https://enb.iisd.org/vol12/enb12384e.html,Summary
COP,14,2008-12-01," Poznań, Poland",385,2008-12-01,https://enb.iisd.org/vol12/enb12385e.html,First
COP,14,2008-12-01," Poznań, Poland",386,2008-12-02,https://enb.iisd.org/vol12/enb12386e.html,Issue
COP,14,2008-12-01," Poznań, Poland",387,2008-12-03,https://enb.iisd.org/vol12/enb12387e.html,Issue
COP,14,2008-12-01," Poznań, Poland",388,2008-12-04,https://enb.iisd.org/vol12/enb12388e.html,Issue
COP,14,2008-12-01," Poznań, Poland",389,2008-12-05,https://enb.iisd.org/vol12/enb12389e.html,Issue
COP,14,2008-12-01," Poznań, Poland",390,2008-12-06,https://enb.iisd.org/vol12/enb12390e.html,Issue
COP,14,2008-12-01," Poznań, Poland",391,2008-12-09,https://enb.iisd.org/vol12/enb12391e.html,Issue
COP,14,2008-12-01," Poznań, Poland",392,2008-12-10,https://enb.iisd.org/vol12/enb12392e.html,Issue
COP,14,2008-12-01," Poznań, Poland",393,2008-12-11,https://enb.iisd.org/vol12/enb12393e.html,Issue
COP,14,2008-12-01," Poznań, Poland",394,2008-12-12,https://enb.iisd.org/vol12/enb12394e.html,Issue
COP,14,2008-12-01," Poznań, Poland",395,Summary,https://enb.iisd.org/vol12/enb12395e.html,Summary
UNFCCC WS,12,2008-06-25," Tokyo, Japan",396,Summary,https://enb.iisd.org/vol12/enb12396e.html,Summary
AWGLCA, 5 ,2009-03-29," Bonn, Germany",397,2009-03-29,https://enb.iisd.org/vol12/enb12397e.html,First
AWGLCA, 5 ,2009-03-29," Bonn, Germany",398,2009-03-30,https://enb.iisd.org/vol12/enb12398e.html,Issue
AWGLCA, 5 ,2009-03-29," Bonn, Germany",399,2009-03-31,https://enb.iisd.org/vol12/enb12399e.html,Issue
AWGLCA, 5 ,2009-03-29," Bonn, Germany",400,2009-04-01,https://enb.iisd.org/vol12/enb12400e.html,Issue
AWGLCA, 5 ,2009-03-29," Bonn, Germany",401,2009-04-02,https://enb.iisd.org/vol12/enb12401e.html,Issue
AWGLCA, 5 ,2009-03-29," Bonn, Germany",402,2009-04-03,https://enb.iisd.org/vol12/enb12402e.html,Issue
AWGLCA, 5 ,2009-03-29," Bonn, Germany",403,2009-04-04,https://enb.iisd.org/vol12/enb12403e.html,Issue
AWGLCA, 5 ,2009-03-29," Bonn, Germany",404,2009-04-06,https://enb.iisd.org/vol12/enb12404e.html,Issue
AWGLCA, 5 ,2009-03-29," Bonn, Germany",405,2009-04-07,https://enb.iisd.org/vol12/enb12405e.html,Issue
AWGLCA, 5 ,2009-03-29," Bonn, Germany",406,2009-04-08,https://enb.iisd.org/vol12/enb12406e.html,Issue
AWGLCA, 5 ,2009-03-29," Bonn, Germany",407,Summary,https://enb.iisd.org/vol12/enb12407e.html,Summary
IPCC,30,2009-04-21," Antalya, Turkey",408,Summary,https://enb.iisd.org/vol12/enb12408e.html,Summary
UNFCCC WS,13,2000-03-17," Bonn, Germany",409,Summary,https://enb.iisd.org/vol12/enb12409e.html,Summary
SB,30,2009-06-01," Bonn, Germany",410,2009-06-01,https://enb.iisd.org/vol12/enb12410e.html,First
SB,30,2009-06-01," Bonn, Germany",411,2009-06-02,https://enb.iisd.org/vol12/enb12411e.html,Issue
SB,30,2009-06-01," Bonn, Germany",412,2009-06-03,https://enb.iisd.org/vol12/enb12412e.html,Issue
SB,30,2009-06-01," Bonn, Germany",413,2009-06-04,https://enb.iisd.org/vol12/enb12413e.html,Issue
SB,30,2009-06-01," Bonn, Germany",414,2009-06-05,https://enb.iisd.org/vol12/enb12414e.html,Issue
SB,30,2009-06-01," Bonn, Germany",415,2009-06-06,https://enb.iisd.org/vol12/enb12415e.html,Issue
SB,30,2009-06-01," Bonn, Germany",416,2009-06-08,https://enb.iisd.org/vol12/enb12416e.html,Issue
SB,30,2009-06-01," Bonn, Germany",417,2009-06-09,https://enb.iisd.org/vol12/enb12417e.html,Issue
SB,30,2009-06-01," Bonn, Germany",418,2009-06-10,https://enb.iisd.org/vol12/enb12418e.html,Issue
SB,30,2009-06-01," Bonn, Germany",419,2009-06-11,https://enb.iisd.org/vol12/enb12419e.html,Issue
SB,30,2009-06-01," Bonn, Germany",420,2009-06-12,https://enb.iisd.org/vol12/enb12420e.html,Issue
SB,30,2009-06-01," Bonn, Germany",421,Summary,https://enb.iisd.org/vol12/enb12421e.html,Summary
AWGs CCWG,1 ,2009-08-10," Bonn, Germany",422,2009-08-10,https://enb.iisd.org/vol12/enb12422e.html,First
AWGs CCWG,1 ,2009-08-10," Bonn, Germany",423,2009-08-11,https://enb.iisd.org/vol12/enb12423e.html,Issue
AWGs CCWG,1 ,2009-08-10," Bonn, Germany",424,2009-08-12,https://enb.iisd.org/vol12/enb12424e.html,Issue
AWGs CCWG,1 ,2009-08-10," Bonn, Germany",425,2009-08-13,https://enb.iisd.org/vol12/enb12425e.html,Issue
AWGs CCWG,1 ,2009-08-10," Bonn, Germany",426,2009-08-14,https://enb.iisd.org/vol12/enb12426e.html,Issue
AWGs CCWG,1 ,2009-08-10," Bonn, Germany",427,Summary,https://enb.iisd.org/vol12/enb12427e.html,Summary
AWGs CCWG,7 ,2009-09-28," UNCC, Bangkok, Thailand",428,2009-09-28,https://enb.iisd.org/vol12/enb12428e.html,First
AWGs CCWG,7 ,2009-09-28," UNCC, Bangkok, Thailand",429,2009-09-29,https://enb.iisd.org/vol12/enb12429e.html,Issue
AWGs CCWG,7 ,2009-09-28," UNCC, Bangkok, Thailand",430,2009-09-30,https://enb.iisd.org/vol12/enb12430e.html,Issue
AWGs CCWG,7 ,2009-09-28," UNCC, Bangkok, Thailand",431,2009-10-01,https://enb.iisd.org/vol12/enb12431e.html,Issue
AWGs CCWG,7 ,2009-09-28," UNCC, Bangkok, Thailand",432,2009-10-02,https://enb.iisd.org/vol12/enb12432e.html,Issue
AWGs CCWG,7 ,2009-09-28," UNCC, Bangkok, Thailand",433,2009-10-03,https://enb.iisd.org/vol12/enb12433e.html,Issue
AWGs CCWG,7 ,2009-09-28," UNCC, Bangkok, Thailand",434,2009-10-05,https://enb.iisd.org/vol12/enb12434e.html,Issue
AWGs CCWG,7 ,2009-09-28," UNCC, Bangkok, Thailand",435,2009-10-06,https://enb.iisd.org/vol12/enb12435e.html,Issue
AWGs CCWG,7 ,2009-09-28," UNCC, Bangkok, Thailand",436,2009-10-07,https://enb.iisd.org/vol12/enb12436e.html,Issue
AWGs CCWG,7 ,2009-09-28," UNCC, Bangkok, Thailand",437,2009-10-08,https://enb.iisd.org/vol12/enb12437e.html,Issue
AWGs CCWG,7 ,2009-09-28," UNCC, Bangkok, Thailand",438,2009-10-09,https://enb.iisd.org/vol12/enb12438e.html,Issue
AWGs CCWG,7 ,2009-09-28," UNCC, Bangkok, Thailand",439,Summary,https://enb.iisd.org/vol12/enb12439e.html,Summary
UNFCCC WS,14,2007-09-15," FAO HQ, Rome, Italy",440,Summary,https://enb.iisd.org/vol12/enb12440e.html,Summary
IPCC,31,2009-10-26," Bali, Indonesia",441,Summary,https://enb.iisd.org/vol12/enb12441e.html,Summary
AWGs RCCWG,7 ,2009-11-02," Barcelona, Spain",442,2009-11-02,https://enb.iisd.org/vol12/enb12442e.html,First
AWGs RCCWG,7 ,2009-11-02," Barcelona, Spain",443,2009-11-03,https://enb.iisd.org/vol12/enb12443e.html,Issue
AWGs RCCWG,7 ,2009-11-02," Barcelona, Spain",444,2009-11-04,https://enb.iisd.org/vol12/enb12444e.html,Issue
AWGs RCCWG,7 ,2009-11-02," Barcelona, Spain",445,2009-11-05,https://enb.iisd.org/vol12/enb12445e.html,Issue
AWGs RCCWG,7 ,2009-11-02," Barcelona, Spain",446,2009-11-06,https://enb.iisd.org/vol12/enb12446e.html,Issue
AWGs RCCWG,7 ,2009-11-02," Barcelona, Spain",447,Summary,https://enb.iisd.org/vol12/enb12447e.html,Summary
COP,15,2009-12-07," Copenhagen, Denmark",448,2009-12-07,https://enb.iisd.org/vol12/enb12448e.html,First
COP,15,2009-12-07," Copenhagen, Denmark",449,2009-12-08,https://enb.iisd.org/vol12/enb12449e.html,Issue
COP,15,2009-12-07," Copenhagen, Denmark",450,2009-12-09,https://enb.iisd.org/vol12/enb12450e.html,Issue
COP,15,2009-12-07," Copenhagen, Denmark",451,2009-12-10,https://enb.iisd.org/vol12/enb12451e.html,Issue
COP,15,2009-12-07," Copenhagen, Denmark",452,2009-12-11,https://enb.iisd.org/vol12/enb12452e.html,Issue
COP,15,2009-12-07," Copenhagen, Denmark",453,2009-12-12,https://enb.iisd.org/vol12/enb12453e.html,Issue
COP,15,2009-12-07," Copenhagen, Denmark",454,2009-12-14,https://enb.iisd.org/vol12/enb12454e.html,Issue
COP,15,2009-12-07," Copenhagen, Denmark",455,2009-12-15,https://enb.iisd.org/vol12/enb12455e.html,Issue
COP,15,2009-12-07," Copenhagen, Denmark",456,2009-12-16,https://enb.iisd.org/vol12/enb12456e.html,Issue
COP,15,2009-12-07," Copenhagen, Denmark",457,2009-12-17,https://enb.iisd.org/vol12/enb12457e.html,Issue
COP,15,2009-12-07," Copenhagen, Denmark",458,2009-12-18,https://enb.iisd.org/vol12/enb12458e.html,Issue
COP,15,2009-12-07," Copenhagen, Denmark",459,Summary,https://enb.iisd.org/vol12/enb12459e.html,Summary
AWGs CCWG,9 ,2010-04-09," Bonn, Germany",460,Summary,https://enb.iisd.org/vol12/enb12460e.html,Summary
SB,32,2010-05-31," Bonn, Germany",461,2010-05-31,https://enb.iisd.org/vol12/enb12461e.html,First
SB,32,2010-05-31," Bonn, Germany",462,2010-06-01,https://enb.iisd.org/vol12/enb12462e.html,Issue
SB,32,2010-05-31," Bonn, Germany",463,2010-06-02,https://enb.iisd.org/vol12/enb12463e.html,Issue
SB,32,2010-05-31," Bonn, Germany",464,2010-06-03,https://enb.iisd.org/vol12/enb12464e.html,Issue
SB,32,2010-05-31," Bonn, Germany",465,2010-06-04,https://enb.iisd.org/vol12/enb12465e.html,Issue
SB,32,2010-05-31," Bonn, Germany",466,2010-06-05,https://enb.iisd.org/vol12/enb12466e.html,Issue
SB,32,2010-05-31," Bonn, Germany",467,2010-06-07,https://enb.iisd.org/vol12/enb12467e.html,Issue
SB,32,2010-05-31," Bonn, Germany",468,2010-06-08,https://enb.iisd.org/vol12/enb12468e.html,Issue
SB,32,2010-05-31," Bonn, Germany",469,2010-06-09,https://enb.iisd.org/vol12/enb12469e.html,Issue
SB,32,2010-05-31," Bonn, Germany",470,2010-06-10,https://enb.iisd.org/vol12/enb12470e.html,Issue
SB,32,2010-05-31," Bonn, Germany",471,2010-06-11,https://enb.iisd.org/vol12/enb12471e.html,Issue
SB,32,2010-05-31," Bonn, Germany",472,Summary,https://enb.iisd.org/vol12/enb12472e.html,Summary
AWGs CCWG,11 ,2010-08-02," Bonn, Germany",473,2010-08-02,https://enb.iisd.org/vol12/enb12473e.html,First
AWGs CCWG,11 ,2010-08-02," Bonn, Germany",474,2010-08-03,https://enb.iisd.org/vol12/enb12474e.html,Issue
AWGs CCWG,11 ,2010-08-02," Bonn, Germany",475,2010-08-04,https://enb.iisd.org/vol12/enb12475e.html,Issue
AWGs CCWG,11 ,2010-08-02," Bonn, Germany",476,2010-08-05,https://enb.iisd.org/vol12/enb12476e.html,Issue
AWGs CCWG,11 ,2010-08-02," Bonn, Germany",477,2010-08-06,https://enb.iisd.org/vol12/enb12477e.html,Issue
AWGs CCWG,11 ,2010-08-02," Bonn, Germany",478,Summary,https://enb.iisd.org/vol12/enb12478e.html,Summary
AWGs CCWG,12 ,2010-10-04," Tianjin, China",479,2010-10-04,https://enb.iisd.org/vol12/enb12479e.html,First
AWGs CCWG,12 ,2010-10-04," Tianjin, China",480,2010-10-05,https://enb.iisd.org/vol12/enb12480e.html,Issue
AWGs CCWG,12 ,2010-10-04," Tianjin, China",481,2010-10-06,https://enb.iisd.org/vol12/enb12481e.html,Issue
AWGs CCWG,12 ,2010-10-04," Tianjin, China",482,2010-10-07,https://enb.iisd.org/vol12/enb12482e.html,Issue
AWGs CCWG,12 ,2010-10-04," Tianjin, China",483,2010-10-08,https://enb.iisd.org/vol12/enb12483e.html,Issue
AWGs CCWG,12 ,2010-10-04," Tianjin, China",484,2010-10-09,https://enb.iisd.org/vol12/enb12484e.html,Issue
AWGs CCWG,12 ,2010-10-04," Tianjin, China",485,Summary,https://enb.iisd.org/vol12/enb12485e.html,Summary
IPCC,32,2010-10-11," Busan, Republic of Korea",486,Summary,https://enb.iisd.org/vol12/enb12486e.html,Summary
COP,16,2010-11-29," Cancún, Mexico",487,2010-11-29,https://enb.iisd.org/vol12/enb12487e.html,First
COP,16,2010-11-29," Cancún, Mexico",488,2010-11-30,https://enb.iisd.org/vol12/enb12488e.html,Issue
COP,16,2010-11-29," Cancún, Mexico",489,2010-12-01,https://enb.iisd.org/vol12/enb12489e.html,Issue
COP,16,2010-11-29," Cancún, Mexico",490,2010-12-02,https://enb.iisd.org/vol12/enb12490e.html,Issue
COP,16,2010-11-29," Cancún, Mexico",491,2010-12-03,https://enb.iisd.org/vol12/enb12491e.html,Issue
COP,16,2010-11-29," Cancún, Mexico",492,2010-12-04,https://enb.iisd.org/vol12/enb12492e.html,Issue
COP,16,2010-11-29," Cancún, Mexico",493,2010-12-06,https://enb.iisd.org/vol12/enb12493e.html,Issue
COP,16,2010-11-29," Cancún, Mexico",494,2010-12-07,https://enb.iisd.org/vol12/enb12494e.html,Issue
COP,16,2010-11-29," Cancún, Mexico",495,2010-12-08,https://enb.iisd.org/vol12/enb12495e.html,Issue
COP,16,2010-11-29," Cancún, Mexico",496,2010-12-09,https://enb.iisd.org/vol12/enb12496e.html,Issue
COP,16,2010-11-29," Cancún, Mexico",497,2010-12-10,https://enb.iisd.org/vol12/enb12497e.html,Issue
COP,16,2010-11-29," Cancún, Mexico",498,Summary,https://enb.iisd.org/vol12/enb12498e.html,Summary
AWGs CCWG,14 ,2011-04-03," UNCC, Bangkok, Thailand",499,Summary,https://enb.iisd.org/vol12/enb12499e.html,Summary
IPCC,33,2011-05-10," Abu Dhabi, United Arab Emirates",500,Summary,https://enb.iisd.org/vol12/enb12500e.html,Summary
UNFCCC WS,15,2005-10-17," Bonn, Germany",501,Summary,https://enb.iisd.org/vol12/enb12501e.html,Summary
SB,34,2011-06-06," Bonn, Germany",502,2011-06-06,https://enb.iisd.org/vol12/enb12502e.html,First
SB,34,2011-06-06," Bonn, Germany",503,2011-06-07,https://enb.iisd.org/vol12/enb12503e.html,Issue
SB,34,2011-06-06," Bonn, Germany",504,2011-06-08,https://enb.iisd.org/vol12/enb12504e.html,Issue
SB,34,2011-06-06," Bonn, Germany",505,2011-06-09,https://enb.iisd.org/vol12/enb12505e.html,Issue
SB,34,2011-06-06," Bonn, Germany",506,2011-06-10,https://enb.iisd.org/vol12/enb12506e.html,Issue
SB,34,2011-06-06," Bonn, Germany",507,2011-06-11,https://enb.iisd.org/vol12/enb12507e.html,Issue
SB,34,2011-06-06," Bonn, Germany",508,2011-06-13,https://enb.iisd.org/vol12/enb12508e.html,Issue
SB,34,2011-06-06," Bonn, Germany",509,2011-06-14,https://enb.iisd.org/vol12/enb12509e.html,Issue
SB,34,2011-06-06," Bonn, Germany",510,2011-06-15,https://enb.iisd.org/vol12/enb12510e.html,Issue
SB,34,2011-06-06," Bonn, Germany",511,2011-06-16,https://enb.iisd.org/vol12/enb12511e.html,Issue
SB,34,2011-06-06," Bonn, Germany",512,2011-06-17,https://enb.iisd.org/vol12/enb12512e.html,Issue
SB,34,2011-06-06," Bonn, Germany",513,Summary,https://enb.iisd.org/vol12/enb12513e.html,Summary
AWGs CCWG,16 ,2011-10-01," Panama City, Panama",514,2011-10-01,https://enb.iisd.org/vol12/enb12514e.html,First
AWGs CCWG,16 ,2011-10-01," Panama City, Panama",515,2011-10-02,https://enb.iisd.org/vol12/enb12515e.html,Issue
AWGs CCWG,16 ,2011-10-01," Panama City, Panama",516,2011-10-03,https://enb.iisd.org/vol12/enb12516e.html,Issue
AWGs CCWG,16 ,2011-10-01," Panama City, Panama",517,2011-10-04,https://enb.iisd.org/vol12/enb12517e.html,Issue
AWGs CCWG,16 ,2011-10-01," Panama City, Panama",518,2011-10-05,https://enb.iisd.org/vol12/enb12518e.html,Issue
AWGs CCWG,16 ,2011-10-01," Panama City, Panama",519,2011-10-06,https://enb.iisd.org/vol12/enb12519e.html,Issue
AWGs CCWG,16 ,2011-10-01," Panama City, Panama",520,2011-10-07,https://enb.iisd.org/vol12/enb12520e.html,Issue
AWGs CCWG,16 ,2011-10-01," Panama City, Panama",521,Summary,https://enb.iisd.org/vol12/enb12521e.html,Summary
IPCC,34,2011-11-18," Kampala, Uganda",522,Summary,https://enb.iisd.org/vol12/enb12522e.html,Summary
COP,17,2011-11-28," Durban, South Africa",523,2011-11-28,https://enb.iisd.org/vol12/enb12523e.html,First
COP,17,2011-11-28," Durban, South Africa",524,2011-11-29,https://enb.iisd.org/vol12/enb12524e.html,Issue
COP,17,2011-11-28," Durban, South Africa",525,2011-11-30,https://enb.iisd.org/vol12/enb12525e.html,Issue
COP,17,2011-11-28," Durban, South Africa",526,2011-12-01,https://enb.iisd.org/vol12/enb12526e.html,Issue
COP,17,2011-11-28," Durban, South Africa",527,2011-12-02,https://enb.iisd.org/vol12/enb12527e.html,Issue
COP,17,2011-11-28," Durban, South Africa",528,2011-12-03,https://enb.iisd.org/vol12/enb12528e.html,Issue
COP,17,2011-11-28," Durban, South Africa",529,2011-12-05,https://enb.iisd.org/vol12/enb12529e.html,Issue
COP,17,2011-11-28," Durban, South Africa",530,2011-12-06,https://enb.iisd.org/vol12/enb12530e.html,Issue
COP,17,2011-11-28," Durban, South Africa",531,2011-12-07,https://enb.iisd.org/vol12/enb12531e.html,Issue
COP,17,2011-11-28," Durban, South Africa",532,2011-12-08,https://enb.iisd.org/vol12/enb12532e.html,Issue
COP,17,2011-11-28," Durban, South Africa",533,2011-12-09,https://enb.iisd.org/vol12/enb12533e.html,Issue
COP,17,2011-11-28," Durban, South Africa",534,Summary,https://enb.iisd.org/vol12/enb12534e.html,Summary
SB,36,2012-05-14," Bonn, Germany",535,2012-05-14,https://enb.iisd.org/vol12/enb12535e.html,First
SB,36,2012-05-14," Bonn, Germany",536,2012-05-15,https://enb.iisd.org/vol12/enb12536e.html,Issue
SB,36,2012-05-14," Bonn, Germany",537,2012-05-16,https://enb.iisd.org/vol12/enb12537e.html,Issue
SB,36,2012-05-14," Bonn, Germany",538,2012-05-17,https://enb.iisd.org/vol12/enb12538e.html,Issue
SB,36,2012-05-14," Bonn, Germany",539,2012-05-18,https://enb.iisd.org/vol12/enb12539e.html,Issue
SB,36,2012-05-14," Bonn, Germany",540,2012-05-19,https://enb.iisd.org/vol12/enb12540e.html,Issue
SB,36,2012-05-14," Bonn, Germany",541,2012-05-21,https://enb.iisd.org/vol12/enb12541e.html,Issue
SB,36,2012-05-14," Bonn, Germany",542,2012-05-22,https://enb.iisd.org/vol12/enb12542e.html,Issue
SB,36,2012-05-14," Bonn, Germany",543,2012-05-23,https://enb.iisd.org/vol12/enb12543e.html,Issue
SB,36,2012-05-14," Bonn, Germany",544,2012-05-24,https://enb.iisd.org/vol12/enb12544e.html,Issue
SB,36,2012-05-14," Bonn, Germany",545,2012-05-25,https://enb.iisd.org/vol12/enb12545e.html,Issue
SB,36,2012-05-14," Bonn, Germany",546,Summary,https://enb.iisd.org/vol12/enb12546e.html,Summary
IPCC,35,2012-06-06," Geneva, Switzerland",547,Summary,https://enb.iisd.org/vol12/enb12547e.html,Summary
AWGs CCWG,17i ,2012-08-30," Bangkok, Thailand",548,2012-08-30,https://enb.iisd.org/vol12/enb12548e.html,First
AWGs CCWG,17i ,2012-08-30," Bangkok, Thailand",549,2012-08-31,https://enb.iisd.org/vol12/enb12549e.html,Issue
AWGs CCWG,17i ,2012-08-30," Bangkok, Thailand",550,2012-09-01,https://enb.iisd.org/vol12/enb12550e.html,Issue
AWGs CCWG,17i ,2012-08-30," Bangkok, Thailand",551,2012-09-02,https://enb.iisd.org/vol12/enb12551e.html,Issue
AWGs CCWG,17i ,2012-08-30," Bangkok, Thailand",552,2012-09-03,https://enb.iisd.org/vol12/enb12552e.html,Issue
AWGs CCWG,17i ,2012-08-30," Bangkok, Thailand",553,2012-09-04,https://enb.iisd.org/vol12/enb12553e.html,Issue
AWGs CCWG,17i ,2012-08-30," Bangkok, Thailand",554,2012-09-05,https://enb.iisd.org/vol12/enb12554e.html,Issue
AWGs CCWG,17i ,2012-08-30," Bangkok, Thailand",555,Summary,https://enb.iisd.org/vol12/enb12555e.html,Summary
COP,18,2012-11-26," Doha, Qatar",556,2012-11-26,https://enb.iisd.org/vol12/enb12556e.html,First
COP,18,2012-11-26," Doha, Qatar",557,2012-11-27,https://enb.iisd.org/vol12/enb12557e.html,Issue
COP,18,2012-11-26," Doha, Qatar",558,2012-11-28,https://enb.iisd.org/vol12/enb12558e.html,Issue
COP,18,2012-11-26," Doha, Qatar",559,2012-11-29,https://enb.iisd.org/vol12/enb12559e.html,Issue
COP,18,2012-11-26," Doha, Qatar",560,2012-11-30,https://enb.iisd.org/vol12/enb12560e.html,Issue
COP,18,2012-11-26," Doha, Qatar",561,2012-12-01,https://enb.iisd.org/vol12/enb12561e.html,Issue
COP,18,2012-11-26," Doha, Qatar",562,2012-12-03,https://enb.iisd.org/vol12/enb12562e.html,Issue
COP,18,2012-11-26," Doha, Qatar",563,2012-12-04,https://enb.iisd.org/vol12/enb12563e.html,Issue
COP,18,2012-11-26," Doha, Qatar",564,2012-12-05,https://enb.iisd.org/vol12/enb12564e.html,Issue
COP,18,2012-11-26," Doha, Qatar",565,2012-12-06,https://enb.iisd.org/vol12/enb12565e.html,Issue
COP,18,2012-11-26," Doha, Qatar",566,2012-12-07,https://enb.iisd.org/vol12/enb12566e.html,Issue
COP,18,2012-11-26," Doha, Qatar",567,Summary,https://enb.iisd.org/vol12/enb12567e.html,Summary
ADP, 2 ,2013-04-29," Bonn, Germany",568,Summary,https://enb.iisd.org/vol12/enb12568e.html,Summary
SB,38,2013-06-03," Bonn, Germany",569,2013-06-03,https://enb.iisd.org/vol12/enb12569e.html,First
SB,38,2013-06-03," Bonn, Germany",570,2013-06-04,https://enb.iisd.org/vol12/enb12570e.html,Issue
SB,38,2013-06-03," Bonn, Germany",571,2013-06-05,https://enb.iisd.org/vol12/enb12571e.html,Issue
SB,38,2013-06-03," Bonn, Germany",572,2013-06-06,https://enb.iisd.org/vol12/enb12572e.html,Issue
SB,38,2013-06-03," Bonn, Germany",573,2013-06-07,https://enb.iisd.org/vol12/enb12573e.html,Issue
SB,38,2013-06-03," Bonn, Germany",574,2013-06-08,https://enb.iisd.org/vol12/enb12574e.html,Issue
SB,38,2013-06-03," Bonn, Germany",575,2013-06-10,https://enb.iisd.org/vol12/enb12575e.html,Issue
SB,38,2013-06-03," Bonn, Germany",576,2013-06-11,https://enb.iisd.org/vol12/enb12576e.html,Issue
SB,38,2013-06-03," Bonn, Germany",577,2013-06-12,https://enb.iisd.org/vol12/enb12577e.html,Issue
SB,38,2013-06-03," Bonn, Germany",578,2013-06-13,https://enb.iisd.org/vol12/enb12578e.html,Issue
SB,38,2013-06-03," Bonn, Germany",579,2013-06-14,https://enb.iisd.org/vol12/enb12579e.html,Issue
SB,38,2013-06-03," Bonn, Germany",580,Summary,https://enb.iisd.org/vol12/enb12580e.html,Summary
IPCC,36,2013-09-23," Stockholm, Sweden",581,Summary,https://enb.iisd.org/vol12/enb12581e.html,Summary
IPCC,37,2013-10-14," Batumi, Georgia",582,Summary,https://enb.iisd.org/vol12/enb12582e.html,Summary
COP,19,2013-11-11," Warsaw, Poland",583,2013-11-11,https://enb.iisd.org/vol12/enb12583e.html,First
COP,19,2013-11-11," Warsaw, Poland",584,2013-11-12,https://enb.iisd.org/vol12/enb12584e.html,Issue
COP,19,2013-11-11," Warsaw, Poland",585,2013-11-13,https://enb.iisd.org/vol12/enb12585e.html,Issue
COP,19,2013-11-11," Warsaw, Poland",586,2013-11-14,https://enb.iisd.org/vol12/enb12586e.html,Issue
COP,19,2013-11-11," Warsaw, Poland",587,2013-11-15,https://enb.iisd.org/vol12/enb12587e.html,Issue
COP,19,2013-11-11," Warsaw, Poland",588,2013-11-16,https://enb.iisd.org/vol12/enb12588e.html,Issue
COP,19,2013-11-11," Warsaw, Poland",589,2013-11-18,https://enb.iisd.org/vol12/enb12589e.html,Issue
COP,19,2013-11-11," Warsaw, Poland",590,2013-11-19,https://enb.iisd.org/vol12/enb12590e.html,Issue
COP,19,2013-11-11," Warsaw, Poland",591,2013-11-20,https://enb.iisd.org/vol12/enb12591e.html,Issue
COP,19,2013-11-11," Warsaw, Poland",592,2013-11-21,https://enb.iisd.org/vol12/enb12592e.html,Issue
COP,19,2013-11-11," Warsaw, Poland",593,2013-11-22,https://enb.iisd.org/vol12/enb12593e.html,Issue
COP,19,2013-11-11," Warsaw, Poland",594,Summary,https://enb.iisd.org/vol12/enb12594e.html,Summary
ADP, 2-4 ,2014-03-10," Bonn, Germany",595,Summary,https://enb.iisd.org/vol12/enb12595e.html,Summary
IPCC,38,2014-03-10," Yokohama, Japan",596,Summary,https://enb.iisd.org/vol12/enb12596e.html,Summary
IPCC,39,2014-04-07," Berlin, Germany",597,Summary,https://enb.iisd.org/vol12/enb12597e.html,Summary
SB,40,2014-06-04," Bonn, Germany",598,Summary,https://enb.iisd.org/vol12/enb12598e.html,Summary
ADP, 2-6 ,2014-10-20," Bonn, Germany",599,2014-10-20,https://enb.iisd.org/vol12/enb12599e.html,First
ADP, 2-6 ,2014-10-20," Bonn, Germany",600,2014-10-21,https://enb.iisd.org/vol12/enb12600e.html,Issue
ADP, 2-6 ,2014-10-20," Bonn, Germany",601,2014-10-22,https://enb.iisd.org/vol12/enb12601e.html,Issue
ADP, 2-6 ,2014-10-20," Bonn, Germany",602,2014-10-23,https://enb.iisd.org/vol12/enb12602e.html,Issue
ADP, 2-6 ,2014-10-20," Bonn, Germany",603,2014-10-24,https://enb.iisd.org/vol12/enb125603e.html,Issue
ADP, 2-6 ,2014-10-20," Bonn, Germany",604,2014-10-25,https://enb.iisd.org/vol12/enb12604e.html,Issue
ADP, 2-6 ,2014-10-20," Bonn, Germany",605,Summary,https://enb.iisd.org/vol12/enb12605e.html,Summary
IPCC,40,2014-10-27," Copenhagen, Denmark",606,2014-10-27,https://enb.iisd.org/vol12/enb12606e.html,First
IPCC,40,2014-10-27," Copenhagen, Denmark",607,Summary,https://enb.iisd.org/vol12/enb12607e.html,Summary
COP,20,2014-12-01," Lima, Peru",608,2014-12-01,https://enb.iisd.org/vol12/enb12608e.html,First
COP,20,2014-12-01," Lima, Peru",609,2014-12-02,https://enb.iisd.org/vol12/enb12609e.html,Issue
COP,20,2014-12-01," Lima, Peru",610,2014-12-03,https://enb.iisd.org/vol12/enb12610e.html,Issue
COP,20,2014-12-01," Lima, Peru",611,2014-12-04,https://enb.iisd.org/vol12/enb12611e.html,Issue
COP,20,2014-12-01," Lima, Peru",612,2014-12-05,https://enb.iisd.org/vol12/enb12612e.html,Issue
COP,20,2014-12-01," Lima, Peru",613,2014-12-06,https://enb.iisd.org/vol12/enb12613e.html,Issue
COP,20,2014-12-01," Lima, Peru",614,2014-12-08,https://enb.iisd.org/vol12/enb12614e.html,Issue
COP,20,2014-12-01," Lima, Peru",615,2014-12-09,https://enb.iisd.org/vol12/enb12615e.html,Issue
COP,20,2014-12-01," Lima, Peru",616,2014-12-10,https://enb.iisd.org/vol12/enb12616e.html,Issue
COP,20,2014-12-01," Lima, Peru",617,2014-12-11,https://enb.iisd.org/vol12/enb12617e.html,Issue
COP,20,2014-12-01," Lima, Peru",618,2014-12-12,https://enb.iisd.org/vol12/enb12618e.html,Issue
COP,20,2014-12-01," Lima, Peru",619,Summary,https://enb.iisd.org/vol12/enb12619e.html,Summary
ADP, 2-8 ,2015-02-08," Geneva, Switzerland",620,2015-02-08,https://enb.iisd.org/vol12/enb12620e.html,First
ADP, 2-8 ,2015-02-08," Geneva, Switzerland",621,2015-02-09,https://enb.iisd.org/vol12/enb12621e.html,Issue
ADP, 2-8 ,2015-02-08," Geneva, Switzerland",622,2015-02-10,https://enb.iisd.org/vol12/enb12622e.html,Issue
ADP, 2-8 ,2015-02-08," Geneva, Switzerland",623,2015-02-11,https://enb.iisd.org/vol12/enb12623e.html,Issue
ADP, 2-8 ,2015-02-08," Geneva, Switzerland",624,2015-02-12,https://enb.iisd.org/vol12/enb12624e.html,Issue
ADP, 2-8 ,2015-02-08," Geneva, Switzerland",625,2015-02-13,https://enb.iisd.org/vol12/enb12625e.html,Issue
ADP, 2-8 ,2015-02-08," Geneva, Switzerland",626,Summary,https://enb.iisd.org/vol12/enb12626e.html,Summary
IPCC,41,2015-02-24," UNEP HQ, Nairobi, Kenya",627,Summary,https://enb.iisd.org/vol12/enb12627e.html,Summary
SB,42,2015-06-01," Bonn, Germany",628,2015-06-01,https://enb.iisd.org/vol12/enb12628e.html,First
SB,42,2015-06-01," Bonn, Germany",629,2015-06-02,https://enb.iisd.org/vol12/enb12629e.html,Issue
SB,42,2015-06-01," Bonn, Germany",630,2015-06-03,https://enb.iisd.org/vol12/enb12630e.html,Issue
SB,42,2015-06-01," Bonn, Germany",631,2015-06-04,https://enb.iisd.org/vol12/enb12631e.html,Issue
SB,42,2015-06-01," Bonn, Germany",632,2015-06-05,https://enb.iisd.org/vol12/enb12632e.html,Issue
SB,42,2015-06-01," Bonn, Germany",633,2015-06-06,https://enb.iisd.org/vol12/enb12633e.html,Issue
SB,42,2015-06-01," Bonn, Germany",634,2015-06-08,https://enb.iisd.org/vol12/enb12634e.html,Issue
SB,42,2015-06-01," Bonn, Germany",635,2015-06-09,https://enb.iisd.org/vol12/enb12635e.html,Issue
SB,42,2015-06-01," Bonn, Germany",636,2015-06-10,https://enb.iisd.org/vol12/enb12636e.html,Issue
SB,42,2015-06-01," Bonn, Germany",637,2015-06-11,https://enb.iisd.org/vol12/enb12637e.html,Issue
SB,42,2015-06-01," Bonn, Germany",638,Summary,https://enb.iisd.org/vol12/enb12638e.html,Summary
ADP, 2-10 ,2015-08-31," Bonn, Germany",639,2015-08-31,https://enb.iisd.org/vol12/enb12639e.html,First
ADP, 2-10 ,2015-08-31," Bonn, Germany",640,2015-09-01,https://enb.iisd.org/vol12/enb12640e.html,Issue
ADP, 2-10 ,2015-08-31," Bonn, Germany",641,2015-09-02,https://enb.iisd.org/vol12/enb12641e.html,Issue
ADP, 2-10 ,2015-08-31," Bonn, Germany",642,2015-09-03,https://enb.iisd.org/vol12/enb12642e.html,Issue
ADP, 2-10 ,2015-08-31," Bonn, Germany",643,2015-09-04,https://enb.iisd.org/vol12/enb12643e.html,Issue
ADP, 2-10 ,2015-08-31," Bonn, Germany",644,Summary,https://enb.iisd.org/vol12/enb12644e.html,Summary
IPCC,42,2015-10-05," Dubrovnik, Croatia",645,Summary,https://enb.iisd.org/vol12/enb12645e.html,Summary
ADP, 2-11 ,2015-10-19," Bonn, Germany",646,2015-10-19,https://enb.iisd.org/vol12/enb12646e.html,First
ADP, 2-11 ,2015-10-19," Bonn, Germany",647,2015-10-20,https://enb.iisd.org/vol12/enb12647e.html,Issue
ADP, 2-11 ,2015-10-19," Bonn, Germany",648,2015-10-21,https://enb.iisd.org/vol12/enb12648e.html,Issue
ADP, 2-11 ,2015-10-19," Bonn, Germany",649,2015-10-22,https://enb.iisd.org/vol12/enb12649e.html,Issue
ADP, 2-11 ,2015-10-19," Bonn, Germany",650,2015-10-23,https://enb.iisd.org/vol12/enb12650e.html,Issue
ADP, 2-11 ,2015-10-19," Bonn, Germany",651,Summary,https://enb.iisd.org/vol12/enb12651e.html,Summary
COP,21,2015-11-29," Paris, France",652,2015-11-29,https://enb.iisd.org/vol12/enb12652e.html,First
COP,21,2015-11-29," Paris, France",653,2015-11-30,https://enb.iisd.org/vol12/enb12653e.html,Issue
COP,21,2015-11-29," Paris, France",654,2015-12-01,https://enb.iisd.org/vol12/enb12654e.html,Issue
COP,21,2015-11-29," Paris, France",655,2015-12-02,https://enb.iisd.org/vol12/enb12655e.html,Issue
COP,21,2015-11-29," Paris, France",656,2015-12-03,https://enb.iisd.org/vol12/enb12656e.html,Issue
COP,21,2015-11-29," Paris, France",657,2015-12-04,https://enb.iisd.org/vol12/enb12657e.html,Issue
COP,21,2015-11-29," Paris, France",658,2015-12-05,https://enb.iisd.org/vol12/enb12658e.html,Issue
COP,21,2015-11-29," Paris, France",659,2015-12-07,https://enb.iisd.org/vol12/enb12659e.html,Issue
COP,21,2015-11-29," Paris, France",660,2015-12-08,https://enb.iisd.org/vol12/enb12660e.html,Issue
COP,21,2015-11-29," Paris, France",661,2015-12-09,https://enb.iisd.org/vol12/enb12661e.html,Issue
COP,21,2015-11-29," Paris, France",662,2015-12-10,https://enb.iisd.org/vol12/enb12662e.html,Issue
COP,21,2015-11-29," Paris, France",663,Summary and Analysis,https://enb.iisd.org/vol12/enb12663e.html,Summary
IPCC,43,2016-04-11," Headquarters of the United Nations Environment Programme (UNEP), Nairobi, Kenya",664,Summary,https://enb.iisd.org/vol12/enb12664e.html,Summary
SB,44,2016-05-16," Bonn, Germany",666,2016-05-16,https://enb.iisd.org/vol12/enb12666e.html,First
SB,44,2016-05-16," Bonn, Germany",667,2016-05-17,https://enb.iisd.org/vol12/enb12667e.html,Issue
SB,44,2016-05-16," Bonn, Germany",668,2016-05-18,https://enb.iisd.org/vol12/enb12668e.html,Issue
SB,44,2016-05-16," Bonn, Germany",669,2016-05-19,https://enb.iisd.org/vol12/enb12669e.html,Issue
SB,44,2016-05-16," Bonn, Germany",670,2016-05-20,https://enb.iisd.org/vol12/enb12670e.html,Issue
SB,44,2016-05-16," Bonn, Germany",671,2016-05-21,https://enb.iisd.org/vol12/enb12671e.html,Issue
SB,44,2016-05-16," Bonn, Germany",672,2016-05-23,https://enb.iisd.org/vol12/enb12672e.html,Issue
SB,44,2016-05-16," Bonn, Germany",673,2016-05-24,https://enb.iisd.org/vol12/enb12673e.html,Issue
SB,44,2016-05-16," Bonn, Germany",674,2016-05-25,https://enb.iisd.org/vol12/enb12674e.html,Issue
SB,44,2016-05-16," Bonn, Germany",675,2016-05-26,https://enb.iisd.org/vol12/enb12675e.html,Issue
SB,44,2016-05-16," Bonn, Germany",676,Summary and Analysis,https://enb.iisd.org/vol12/enb12676e.html,Summary
IPCC,44,2016-10-17," United Nations Conference Centre (UNCC), Bangkok, Thailand",677,Summary and Analysis,https://enb.iisd.org/vol12/enb12677e.html,Summary
COP,22,2016-11-07," Marrakech, Morocco",678,2016-11-07,https://enb.iisd.org/vol12/enb12678e.html,First
COP,22,2016-11-07," Marrakech, Morocco",679,2016-11-08,https://enb.iisd.org/vol12/enb12679e.html,Issue
COP,22,2016-11-07," Marrakech, Morocco",680,2016-11-09,https://enb.iisd.org/vol12/enb12680e.html,Issue
COP,22,2016-11-07," Marrakech, Morocco",681,2016-11-10,https://enb.iisd.org/vol12/enb12681e.html,Issue
COP,22,2016-11-07," Marrakech, Morocco",682,2016-11-11,https://enb.iisd.org/vol12/enb12682e.html,Issue
COP,22,2016-11-07," Marrakech, Morocco",683,2016-11-12,https://enb.iisd.org/vol12/enb12683e.html,Issue
COP,22,2016-11-07," Marrakech, Morocco",684,2016-11-14,https://enb.iisd.org/vol12/enb12684e.html,Issue
COP,22,2016-11-07," Marrakech, Morocco",685,2016-11-15,https://enb.iisd.org/vol12/enb12685e.html,Issue
COP,22,2016-11-07," Marrakech, Morocco",686,2016-11-16,https://enb.iisd.org/vol12/enb12686e.html,Issue
COP,22,2016-11-07," Marrakech, Morocco",687,2016-11-17,https://enb.iisd.org/vol12/enb12687e.html,Issue
COP,22,2016-11-07," Marrakech, Morocco",688,2016-11-18,https://enb.iisd.org/vol12/enb12688e.html,Issue
COP,22,2016-11-07," Marrakech, Morocco",689,Summary and Analysis,https://enb.iisd.org/vol12/enb12689e.html,Summary
IPCC,45,2017-03-28," Guadalajara, Mexico",690,Summary and Analysis,https://enb.iisd.org/vol12/enb12690e.html,Summary
SB,46,2017-05-08," Bonn, Germany",691,2017-05-08,https://enb.iisd.org/vol12/enb12691e.html,First
SB,46,2017-05-08," Bonn, Germany",692,2017-05-09,https://enb.iisd.org/vol12/enb12692e.html,Issue
SB,46,2017-05-08," Bonn, Germany",693,2017-05-10,https://enb.iisd.org/vol12/enb12693e.html,Issue
SB,46,2017-05-08," Bonn, Germany",694,2017-05-11,https://enb.iisd.org/vol12/enb12694e.html,Issue
SB,46,2017-05-08," Bonn, Germany",695,2017-05-12,https://enb.iisd.org/vol12/enb12695e.html,Issue
SB,46,2017-05-08," Bonn, Germany",696,2017-05-13,https://enb.iisd.org/vol12/enb12696e.html,Issue
SB,46,2017-05-08," Bonn, Germany",697,2017-05-15,https://enb.iisd.org/vol12/enb12697e.html,Issue
SB,46,2017-05-08," Bonn, Germany",698,2017-05-16,https://enb.iisd.org/vol12/enb12698e.html,Issue
SB,46,2017-05-08," Bonn, Germany",699,2017-05-17,https://enb.iisd.org/vol12/enb12699e.html,Issue
SB,46,2017-05-08," Bonn, Germany",700,2017-05-18,https://enb.iisd.org/vol12/enb12700e.html,Issue
SB,46,2017-05-08," Bonn, Germany",701,Summary and Analysis,https://enb.iisd.org/vol12/enb12701e.html,Summary
IPCC,46,2017-09-06," Headquarters of the International Civil Aviation Organization (ICAO), Montreal, Canada",702,Summary and Analysis,https://enb.iisd.org/vol12/enb12702e.html,Summary
COP,23,2017-11-06," Bonn, Germany",703,2017-11-06,https://enb.iisd.org/vol12/enb12703e.html,First
COP,23,2017-11-06," Bonn, Germany",704,2017-11-07,https://enb.iisd.org/vol12/enb12704e.html,Issue
COP,23,2017-11-06," Bonn, Germany",705,2017-11-08,https://enb.iisd.org/vol12/enb12705e.html,Issue
COP,23,2017-11-06," Bonn, Germany",706,2017-11-09,https://enb.iisd.org/vol12/enb12706e.html,Issue
COP,23,2017-11-06," Bonn, Germany",707,2017-11-10,https://enb.iisd.org/vol12/enb12707e.html,Issue
COP,23,2017-11-06," Bonn, Germany",708,2017-11-11,https://enb.iisd.org/vol12/enb12708e.html,Issue
COP,23,2017-11-06," Bonn, Germany",709,2017-11-13,https://enb.iisd.org/vol12/enb12709e.html,Issue
COP,23,2017-11-06," Bonn, Germany",710,2017-11-14,https://enb.iisd.org/vol12/enb12710e.html,Issue
COP,23,2017-11-06," Bonn, Germany",711,2017-11-15,https://enb.iisd.org/vol12/enb12711e.html,Issue
COP,23,2017-11-06," Bonn, Germany",712,2017-11-16,https://enb.iisd.org/vol12/enb12712e.html,Issue
COP,23,2017-11-06," Bonn, Germany",713,2017-11-17,https://enb.iisd.org/vol12/enb12713e.html,Issue
COP,23,2017-11-06," Bonn, Germany",714,Summary and Analysis,https://enb.iisd.org/vol12/enb12714e.html,Summary
IPCC,47,2018-03-13," Headquarters of the UN Educational, Scientific and Cultural Organization (UNESCO), Paris, France",715,Summary and Analysis,https://enb.iisd.org/vol12/enb12715e.html,Summary
SB,48,2018-04-30," Bonn, Germany",716,2018-04-30,https://enb.iisd.org/vol12/enb12716e.html,First
SB,48,2018-04-30," Bonn, Germany",717,2018-05-01,https://enb.iisd.org/vol12/enb12717e.html,Issue
SB,48,2018-04-30," Bonn, Germany",718,2018-05-02,https://enb.iisd.org/vol12/enb12718e.html,Issue
SB,48,2018-04-30," Bonn, Germany",719,2018-05-03,https://enb.iisd.org/vol12/enb12719e.html,Issue
SB,48,2018-04-30," Bonn, Germany",720,2018-05-04,https://enb.iisd.org/vol12/enb12720e.html,Issue
SB,48,2018-04-30," Bonn, Germany",721,2018-05-05,https://enb.iisd.org/vol12/enb12721e.html,Issue
SB,48,2018-04-30," Bonn, Germany",722,2018-05-07,https://enb.iisd.org/vol12/enb12722e.html,Issue
SB,48,2018-04-30," Bonn, Germany",723,2018-05-08,https://enb.iisd.org/vol12/enb12723e.html,Issue
SB,48,2018-04-30," Bonn, Germany",724,2018-05-09,https://enb.iisd.org/vol12/enb12724e.html,Issue
SB,48,2018-04-30," Bonn, Germany",725,2018-05-10,https://enb.iisd.org/vol12/enb12725e.html,Issue
SB,48,2018-04-30," Bonn, Germany",726,Summary and Analysis,https://enb.iisd.org/vol12/enb12726e.html,Summary
SB,48,2018-09-04," UN Conference Centre (UNCC), Bangkok, Thailand",727,2018-09-04,https://enb.iisd.org/vol12/enb12727e.html,First
SB,48,2018-09-04," UN Conference Centre (UNCC), Bangkok, Thailand",728,2018-09-05,https://enb.iisd.org/vol12/enb12728e.html,Issue
SB,48,2018-09-04," UN Conference Centre (UNCC), Bangkok, Thailand",729,2018-09-06,https://enb.iisd.org/vol12/enb12729e.html,Issue
SB,48,2018-09-04," UN Conference Centre (UNCC), Bangkok, Thailand",730,2018-09-07,https://enb.iisd.org/vol12/enb12730e.html,Issue
SB,48,2018-09-04," UN Conference Centre (UNCC), Bangkok, Thailand",731,2018-09-08,https://enb.iisd.org/vol12/enb12731e.html,Issue
SB,48,2018-09-04," UN Conference Centre (UNCC), Bangkok, Thailand",732,2018-09-09,https://enb.iisd.org/vol12/enb12732e.html,Issue
SB,48,2018-09-04," UN Conference Centre (UNCC), Bangkok, Thailand",733,Summary and Analysis,https://enb.iisd.org/vol12/enb12733e.html,Summary
IPCC,48,2018-10-01," Incheon, Republic of Korea",734,2018-10-01,https://enb.iisd.org/vol12/enb12734e.html,Summary
COP,24,2018-12-02," Katowice, Poland",735,Curtain Raiser,https://enb.iisd.org/vol12/enb12735e.html,First
COP,24,2018-12-02," Katowice, Poland",736,2018-12-02,https://enb.iisd.org/vol12/enb12736e.html,Issue
COP,24,2018-12-02," Katowice, Poland",737,2018-12-03,https://enb.iisd.org/vol12/enb12737e.html,Issue
COP,24,2018-12-02," Katowice, Poland",738,2018-12-04,https://enb.iisd.org/vol12/enb12738e.html,Issue
COP,24,2018-12-02," Katowice, Poland",739,2018-12-05,https://enb.iisd.org/vol12/enb12739e.html,Issue
COP,24,2018-12-02," Katowice, Poland",740,2018-12-06,https://enb.iisd.org/vol12/enb12740e.html,Issue
COP,24,2018-12-02," Katowice, Poland",741,2018-12-07,https://enb.iisd.org/vol12/enb12741e.html,Issue
COP,24,2018-12-02," Katowice, Poland",742,2018-12-08,https://enb.iisd.org/vol12/enb12742e.html,Issue
COP,24,2018-12-02," Katowice, Poland",743,2018-12-10,https://enb.iisd.org/vol12/enb12743e.html,Issue
COP,24,2018-12-02," Katowice, Poland",744,2018-12-11,https://enb.iisd.org/vol12/enb12744e.html,Issue
COP,24,2018-12-02," Katowice, Poland",745,2018-12-12,https://enb.iisd.org/vol12/enb12745e.html,Issue
COP,24,2018-12-02," Katowice, Poland",746,2018-12-13,https://enb.iisd.org/vol12/enb12746e.html,Issue
COP,24,2018-12-02," Katowice, Poland",747,Summary and Analysis,https://enb.iisd.org/vol12/enb12747e.html,Summary
IPCC,49,2019-05-08," Kyoto, Japan",748,2019-05-08,https://enb.iisd.org/vol12/enb12748e.html,Summary
SB,50,2019-06-17," Bonn, Germany",749,Curtain Raiser,https://enb.iisd.org/vol12/enb12749e.html,First
SB,50,2019-06-17," Bonn, Germany",750,2019-06-17,https://enb.iisd.org/vol12/enb12750e.html,Issue
SB,50,2019-06-17," Bonn, Germany",751,2019-06-18,https://enb.iisd.org/vol12/enb12751e.html,Issue
SB,50,2019-06-17," Bonn, Germany",752,2019-06-19,https://enb.iisd.org/vol12/enb12752e.html,Issue
SB,50,2019-06-17," Bonn, Germany",753,2019-06-20,https://enb.iisd.org/vol12/enb12753e.html,Issue
SB,50,2019-06-17," Bonn, Germany",754,2019-06-21,https://enb.iisd.org/vol12/enb12754e.html,Issue
SB,50,2019-06-17," Bonn, Germany",755,2019-06-22,https://enb.iisd.org/vol12/enb12755e.html,Issue
SB,50,2019-06-17," Bonn, Germany",756,2019-06-24,https://enb.iisd.org/vol12/enb12756e.html,Issue
SB,50,2019-06-17," Bonn, Germany",757,2019-06-25,https://enb.iisd.org/vol12/enb12757e.html,Issue
SB,50,2019-06-17," Bonn, Germany",758,2019-06-26,https://enb.iisd.org/vol12/enb12758e.html,Issue
SB,50,2019-06-17," Bonn, Germany",759,Summary and Analysis,https://enb.iisd.org/vol12/enb12759e.html,Summary
IPCC,50,2019-08-02," Geneva, Switzerland",760,2019-08-02,https://enb.iisd.org/vol12/enb12760e.html,Summary
IPCC,51,2019-09-20, Principality of Monaco,763,2019-09-20,https://enb.iisd.org/vol12/enb12763e.html,Summary
COP,25,2019-12-02," Madrid, Spain",764,Curtain Raiser,https://enb.iisd.org/vol12/enb12764e.html,First
COP,25,2019-12-02," Madrid, Spain",765,2019-12-02,https://enb.iisd.org/vol12/enb12765e.html,Issue
COP,25,2019-12-02," Madrid, Spain",766,2019-12-03,https://enb.iisd.org/vol12/enb12766e.html,Issue
COP,25,2019-12-02," Madrid, Spain",767,2019-12-04,https://enb.iisd.org/vol12/enb12767e.html,Issue
COP,25,2019-12-02," Madrid, Spain",768,2019-12-05,https://enb.iisd.org/vol12/enb12768e.html,Issue
COP,25,2019-12-02," Madrid, Spain",769,2019-12-06,https://enb.iisd.org/vol12/enb12769e.html,Issue
COP,25,2019-12-02," Madrid, Spain",770,2019-12-07,https://enb.iisd.org/vol12/enb12770e.html,Issue
COP,25,2019-12-02," Madrid, Spain",771,2019-12-09,https://enb.iisd.org/vol12/enb12771e.html,Issue
COP,25,2019-12-02," Madrid, Spain",772,2019-12-10,https://enb.iisd.org/vol12/enb12772e.html,Issue
COP,25,2019-12-02," Madrid, Spain",773,2019-12-11,https://enb.iisd.org/vol12/enb12773e.html,Issue
COP,25,2019-12-02," Madrid, Spain",774,2019-12-12,https://enb.iisd.org/vol12/enb12774e.html,Issue
COP,25,2019-12-02," Madrid, Spain",775,Summary and Analysis,https://enb.iisd.org/vol12/enb12775e.html,Summary
IPCC,52,2020-02-24," Headquarters of the UN Educational, Scientific and Cultural Organization (UNESCO), Paris, France",776,Summary and Analysis,https://enb.iisd.org/vol12/enb12776e.html,Summary
